{"type":"FeatureCollection","features":[{"type":"Feature","properties":{"statedistrict":"TX25","state":"TX","district":25,"bioguide_id":"W000816","official_name":"Roger Williams","party":"R","party_unity_opportunities":414.0,"party_unity_votes_cast":401.0,"party_unity_not_voting":13.0,"with_own_party_unity":400.0,"against_own_party_unity":1.0,"party_unity_rate":0.9975062344139652,"party_opposition_rate":0.0024937655860349,"party_unity_participation_rate":0.9685990338164252},"geometry":null},{"type":"Feature","properties":{"statedistrict":"CA35","state":"CA","district":35,"bioguide_id":"T000474","official_name":"Norma J. Torres","party":"D","party_unity_opportunities":414.0,"party_unity_votes_cast":409.0,"party_unity_not_voting":5.0,"with_own_party_unity":398.0,"against_own_party_unity":11.0,"party_unity_rate":0.9731051344743276,"party_opposition_rate":0.0268948655256723,"party_unity_participation_rate":0.9879227053140096},"geometry":null},{"type":"Feature","properties":{"statedistrict":"IN09","state":"IN","district":9,"bioguide_id":"H001093","official_name":"Erin Houchin","party":"R","party_unity_opportunities":414.0,"party_unity_votes_cast":407.0,"party_unity_not_voting":7.0,"with_own_party_unity":407.0,"against_own_party_unity":0.0,"party_unity_rate":1.0,"party_opposition_rate":0.0,"party_unity_participation_rate":0.9830917874396136},"geometry":null},{"type":"Feature","properties":{"statedistrict":"NV04","state":"NV","district":4,"bioguide_id":"H001066","official_name":"Steven Horsford","party":"D","party_unity_opportunities":414.0,"party_unity_votes_cast":405.0,"party_unity_not_voting":6.0,"with_own_party_unity":370.0,"against_own_party_unity":35.0,"party_unity_rate":0.9135802469135802,"party_opposition_rate":0.0864197530864197,"party_unity_participation_rate":0.9782608695652174},"geometry":null},{"type":"Feature","properties":{"statedistrict":"OH02","state":"OH","district":2,"bioguide_id":"T000490","official_name":"David J. Taylor","party":"R","party_unity_opportunities":414.0,"party_unity_votes_cast":414.0,"party_unity_not_voting":0.0,"with_own_party_unity":414.0,"against_own_party_unity":0.0,"party_unity_rate":1.0,"party_opposition_rate":0.0,"party_unity_participation_rate":1.0},"geometry":null},{"type":"Feature","properties":{"statedistrict":"NY18","state":"NY","district":18,"bioguide_id":"R000579","official_name":"Patrick Ryan","party":"D","party_unity_opportunities":414.0,"party_unity_votes_cast":413.0,"party_unity_not_voting":1.0,"with_own_party_unity":380.0,"against_own_party_unity":33.0,"party_unity_rate":0.9200968523002422,"party_opposition_rate":0.0799031476997578,"party_unity_participation_rate":0.997584541062802},"geometry":null},{"type":"Feature","properties":{"statedistrict":"NJ10","state":"NJ","district":10,"bioguide_id":"M001229","official_name":"LaMonica McIver","party":"D","party_unity_opportunities":414.0,"party_unity_votes_cast":413.0,"party_unity_not_voting":1.0,"with_own_party_unity":413.0,"against_own_party_unity":0.0,"party_unity_rate":1.0,"party_opposition_rate":0.0,"party_unity_participation_rate":0.997584541062802},"geometry":null},{"type":"Feature","properties":{"statedistrict":"SC05","state":"SC","district":5,"bioguide_id":"N000190","official_name":"Ralph Norman","party":"R","party_unity_opportunities":414.0,"party_unity_votes_cast":367.0,"party_unity_not_voting":47.0,"with_own_party_unity":361.0,"against_own_party_unity":6.0,"party_unity_rate":0.983651226158038,"party_opposition_rate":0.0163487738419618,"party_unity_participation_rate":0.8864734299516909},"geometry":null},{"type":"Feature","properties":{"statedistrict":"TX08","state":"TX","district":8,"bioguide_id":"L000603","official_name":"Morgan Luttrell","party":"R","party_unity_opportunities":414.0,"party_unity_votes_cast":409.0,"party_unity_not_voting":5.0,"with_own_party_unity":408.0,"against_own_party_unity":1.0,"party_unity_rate":0.9975550122249388,"party_opposition_rate":0.0024449877750611,"party_unity_participation_rate":0.9879227053140096},"geometry":null},{"type":"Feature","properties":{"statedistrict":"CA46","state":"CA","district":46,"bioguide_id":"C001110","official_name":"J. Luis Correa","party":"D","party_unity_opportunities":414.0,"party_unity_votes_cast":391.0,"party_unity_not_voting":23.0,"with_own_party_unity":362.0,"against_own_party_unity":29.0,"party_unity_rate":0.9258312020460358,"party_opposition_rate":0.0741687979539642,"party_unity_participation_rate":0.9444444444444444},"geometry":null},{"type":"Feature","properties":{"statedistrict":"AZ09","state":"AZ","district":9,"bioguide_id":"G000565","official_name":"Paul A. Gosar","party":"R","party_unity_opportunities":414.0,"party_unity_votes_cast":399.0,"party_unity_not_voting":15.0,"with_own_party_unity":394.0,"against_own_party_unity":5.0,"party_unity_rate":0.987468671679198,"party_opposition_rate":0.012531328320802,"party_unity_participation_rate":0.9637681159420288},"geometry":null},{"type":"Feature","properties":{"statedistrict":"IL13","state":"IL","district":13,"bioguide_id":"B001315","official_name":"Nikki Budzinski","party":"D","party_unity_opportunities":414.0,"party_unity_votes_cast":414.0,"party_unity_not_voting":0.0,"with_own_party_unity":385.0,"against_own_party_unity":29.0,"party_unity_rate":0.929951690821256,"party_opposition_rate":0.0700483091787439,"party_unity_participation_rate":1.0},"geometry":null},{"type":"Feature","properties":{"statedistrict":"CA08","state":"CA","district":8,"bioguide_id":"G000559","official_name":"John Garamendi","party":"D","party_unity_opportunities":414.0,"party_unity_votes_cast":358.0,"party_unity_not_voting":55.0,"with_own_party_unity":356.0,"against_own_party_unity":2.0,"party_unity_rate":0.994413407821229,"party_opposition_rate":0.0055865921787709,"party_unity_participation_rate":0.8647342995169082},"geometry":null},{"type":"Feature","properties":{"statedistrict":"VA03","state":"VA","district":3,"bioguide_id":"S000185","official_name":"Robert C. \"Bobby\" Scott","party":"D","party_unity_opportunities":414.0,"party_unity_votes_cast":413.0,"party_unity_not_voting":1.0,"with_own_party_unity":412.0,"against_own_party_unity":1.0,"party_unity_rate":0.9975786924939468,"party_opposition_rate":0.0024213075060532,"party_unity_participation_rate":0.997584541062802},"geometry":null},{"type":"Feature","properties":{"statedistrict":"CA42","state":"CA","district":42,"bioguide_id":"G000598","official_name":"Robert Garcia","party":"D","party_unity_opportunities":414.0,"party_unity_votes_cast":408.0,"party_unity_not_voting":6.0,"with_own_party_unity":406.0,"against_own_party_unity":2.0,"party_unity_rate":0.9950980392156864,"party_opposition_rate":0.0049019607843137,"party_unity_participation_rate":0.9855072463768116},"geometry":null},{"type":"Feature","properties":{"statedistrict":"AL05","state":"AL","district":5,"bioguide_id":"S001220","official_name":"Dale W. Strong","party":"R","party_unity_opportunities":414.0,"party_unity_votes_cast":408.0,"party_unity_not_voting":6.0,"with_own_party_unity":408.0,"against_own_party_unity":0.0,"party_unity_rate":1.0,"party_opposition_rate":0.0,"party_unity_participation_rate":0.9855072463768116},"geometry":null},{"type":"Feature","properties":{"statedistrict":"CA03","state":"CA","district":3,"bioguide_id":"K000401","official_name":"Kevin Kiley","party":"I","party_unity_opportunities":290.0,"party_unity_votes_cast":288.0,"party_unity_not_voting":1.0,"with_own_party_unity":281.0,"against_own_party_unity":7.0,"party_unity_rate":0.9756944444444444,"party_opposition_rate":0.0243055555555555,"party_unity_participation_rate":0.993103448275862},"geometry":null},{"type":"Feature","properties":{"statedistrict":"ID02","state":"ID","district":2,"bioguide_id":"S001148","official_name":"Michael K. Simpson","party":"R","party_unity_opportunities":414.0,"party_unity_votes_cast":410.0,"party_unity_not_voting":4.0,"with_own_party_unity":406.0,"against_own_party_unity":4.0,"party_unity_rate":0.9902439024390244,"party_opposition_rate":0.0097560975609756,"party_unity_participation_rate":0.9903381642512076},"geometry":null},{"type":"Feature","properties":{"statedistrict":"TN06","state":"TN","district":6,"bioguide_id":"R000612","official_name":"John W. Rose","party":"R","party_unity_opportunities":414.0,"party_unity_votes_cast":399.0,"party_unity_not_voting":15.0,"with_own_party_unity":394.0,"against_own_party_unity":5.0,"party_unity_rate":0.987468671679198,"party_opposition_rate":0.012531328320802,"party_unity_participation_rate":0.9637681159420288},"geometry":null},{"type":"Feature","properties":{"statedistrict":"TX32","state":"TX","district":32,"bioguide_id":"J000310","official_name":"Julie Johnson","party":"D","party_unity_opportunities":414.0,"party_unity_votes_cast":402.0,"party_unity_not_voting":12.0,"with_own_party_unity":383.0,"against_own_party_unity":19.0,"party_unity_rate":0.9527363184079602,"party_opposition_rate":0.0472636815920398,"party_unity_participation_rate":0.9710144927536232},"geometry":null},{"type":"Feature","properties":{"statedistrict":"AL07","state":"AL","district":7,"bioguide_id":"S001185","official_name":"Terri A. Sewell","party":"D","party_unity_opportunities":414.0,"party_unity_votes_cast":407.0,"party_unity_not_voting":5.0,"with_own_party_unity":388.0,"against_own_party_unity":19.0,"party_unity_rate":0.9533169533169532,"party_opposition_rate":0.0466830466830466,"party_unity_participation_rate":0.9830917874396136},"geometry":null},{"type":"Feature","properties":{"statedistrict":"CT05","state":"CT","district":5,"bioguide_id":"H001081","official_name":"Jahana Hayes","party":"D","party_unity_opportunities":414.0,"party_unity_votes_cast":411.0,"party_unity_not_voting":3.0,"with_own_party_unity":405.0,"against_own_party_unity":6.0,"party_unity_rate":0.9854014598540146,"party_opposition_rate":0.0145985401459854,"party_unity_participation_rate":0.9927536231884058},"geometry":null},{"type":"Feature","properties":{"statedistrict":"MN02","state":"MN","district":2,"bioguide_id":"C001119","official_name":"Angie Craig","party":"D","party_unity_opportunities":414.0,"party_unity_votes_cast":404.0,"party_unity_not_voting":10.0,"with_own_party_unity":383.0,"against_own_party_unity":21.0,"party_unity_rate":0.948019801980198,"party_opposition_rate":0.0519801980198019,"party_unity_participation_rate":0.9758454106280192},"geometry":null},{"type":"Feature","properties":{"statedistrict":"PA06","state":"PA","district":6,"bioguide_id":"H001085","official_name":"Chrissy Houlahan","party":"D","party_unity_opportunities":414.0,"party_unity_votes_cast":402.0,"party_unity_not_voting":6.0,"with_own_party_unity":374.0,"against_own_party_unity":28.0,"party_unity_rate":0.9303482587064676,"party_opposition_rate":0.0696517412935323,"party_unity_participation_rate":0.9710144927536232},"geometry":null},{"type":"Feature","properties":{"statedistrict":"VA08","state":"VA","district":8,"bioguide_id":"B001292","official_name":"Donald S. Beyer, Jr.","party":"D","party_unity_opportunities":414.0,"party_unity_votes_cast":402.0,"party_unity_not_voting":10.0,"with_own_party_unity":401.0,"against_own_party_unity":1.0,"party_unity_rate":0.9975124378109452,"party_opposition_rate":0.0024875621890547,"party_unity_participation_rate":0.9710144927536232},"geometry":null},{"type":"Feature","properties":{"statedistrict":"CA27","state":"CA","district":27,"bioguide_id":"W000830","official_name":"George Whitesides","party":"D","party_unity_opportunities":414.0,"party_unity_votes_cast":406.0,"party_unity_not_voting":7.0,"with_own_party_unity":368.0,"against_own_party_unity":38.0,"party_unity_rate":0.9064039408866996,"party_opposition_rate":0.0935960591133004,"party_unity_participation_rate":0.9806763285024156},"geometry":null},{"type":"Feature","properties":{"statedistrict":"IL09","state":"IL","district":9,"bioguide_id":"S001145","official_name":"Janice D. Schakowsky","party":"D","party_unity_opportunities":414.0,"party_unity_votes_cast":400.0,"party_unity_not_voting":14.0,"with_own_party_unity":399.0,"against_own_party_unity":1.0,"party_unity_rate":0.9975,"party_opposition_rate":0.0025,"party_unity_participation_rate":0.966183574879227},"geometry":null},{"type":"Feature","properties":{"statedistrict":"CA07","state":"CA","district":7,"bioguide_id":"M001163","official_name":"Doris O. Matsui","party":"D","party_unity_opportunities":414.0,"party_unity_votes_cast":414.0,"party_unity_not_voting":0.0,"with_own_party_unity":412.0,"against_own_party_unity":2.0,"party_unity_rate":0.9951690821256038,"party_opposition_rate":0.0048309178743961,"party_unity_participation_rate":1.0},"geometry":null},{"type":"Feature","properties":{"statedistrict":"FL26","state":"FL","district":26,"bioguide_id":"D000600","official_name":"Mario Diaz-Balart","party":"R","party_unity_opportunities":414.0,"party_unity_votes_cast":395.0,"party_unity_not_voting":19.0,"with_own_party_unity":391.0,"against_own_party_unity":4.0,"party_unity_rate":0.9898734177215188,"party_opposition_rate":0.010126582278481,"party_unity_participation_rate":0.9541062801932368},"geometry":null},{"type":"Feature","properties":{"statedistrict":"NY08","state":"NY","district":8,"bioguide_id":"J000294","official_name":"Hakeem S. Jeffries","party":"D","party_unity_opportunities":414.0,"party_unity_votes_cast":412.0,"party_unity_not_voting":0.0,"with_own_party_unity":408.0,"against_own_party_unity":4.0,"party_unity_rate":0.9902912621359224,"party_opposition_rate":0.0097087378640776,"party_unity_participation_rate":0.9951690821256038},"geometry":null},{"type":"Feature","properties":{"statedistrict":"TX16","state":"TX","district":16,"bioguide_id":"E000299","official_name":"Veronica Escobar","party":"D","party_unity_opportunities":414.0,"party_unity_votes_cast":412.0,"party_unity_not_voting":2.0,"with_own_party_unity":410.0,"against_own_party_unity":2.0,"party_unity_rate":0.9951456310679612,"party_opposition_rate":0.0048543689320388,"party_unity_participation_rate":0.9951690821256038},"geometry":null},{"type":"Feature","properties":{"statedistrict":"IN02","state":"IN","district":2,"bioguide_id":"Y000067","official_name":"Rudy Yakym III","party":"R","party_unity_opportunities":414.0,"party_unity_votes_cast":414.0,"party_unity_not_voting":0.0,"with_own_party_unity":414.0,"against_own_party_unity":0.0,"party_unity_rate":1.0,"party_opposition_rate":0.0,"party_unity_participation_rate":1.0},"geometry":null},{"type":"Feature","properties":{"statedistrict":"NH02","state":"NH","district":2,"bioguide_id":"G000604","official_name":"Maggie Goodlander","party":"D","party_unity_opportunities":414.0,"party_unity_votes_cast":409.0,"party_unity_not_voting":0.0,"with_own_party_unity":371.0,"against_own_party_unity":38.0,"party_unity_rate":0.9070904645476772,"party_opposition_rate":0.0929095354523227,"party_unity_participation_rate":0.9879227053140096},"geometry":null},{"type":"Feature","properties":{"statedistrict":"CA05","state":"CA","district":5,"bioguide_id":"M001177","official_name":"Tom McClintock","party":"R","party_unity_opportunities":414.0,"party_unity_votes_cast":402.0,"party_unity_not_voting":12.0,"with_own_party_unity":396.0,"against_own_party_unity":6.0,"party_unity_rate":0.9850746268656716,"party_opposition_rate":0.0149253731343283,"party_unity_participation_rate":0.9710144927536232},"geometry":null},{"type":"Feature","properties":{"statedistrict":"TX31","state":"TX","district":31,"bioguide_id":"C001051","official_name":"John R. Carter","party":"R","party_unity_opportunities":414.0,"party_unity_votes_cast":410.0,"party_unity_not_voting":4.0,"with_own_party_unity":408.0,"against_own_party_unity":2.0,"party_unity_rate":0.9951219512195122,"party_opposition_rate":0.0048780487804878,"party_unity_participation_rate":0.9903381642512076},"geometry":null},{"type":"Feature","properties":{"statedistrict":"CA38","state":"CA","district":38,"bioguide_id":"S001156","official_name":"Linda T. Sánchez","party":"D","party_unity_opportunities":414.0,"party_unity_votes_cast":406.0,"party_unity_not_voting":8.0,"with_own_party_unity":404.0,"against_own_party_unity":2.0,"party_unity_rate":0.9950738916256158,"party_opposition_rate":0.0049261083743842,"party_unity_participation_rate":0.9806763285024156},"geometry":null},{"type":"Feature","properties":{"statedistrict":"CA37","state":"CA","district":37,"bioguide_id":"K000400","official_name":"Sydney Kamlager-Dove","party":"D","party_unity_opportunities":414.0,"party_unity_votes_cast":401.0,"party_unity_not_voting":13.0,"with_own_party_unity":399.0,"against_own_party_unity":2.0,"party_unity_rate":0.9950124688279302,"party_opposition_rate":0.0049875311720698,"party_unity_participation_rate":0.9685990338164252},"geometry":null},{"type":"Feature","properties":{"statedistrict":"CA32","state":"CA","district":32,"bioguide_id":"S000344","official_name":"Brad Sherman","party":"D","party_unity_opportunities":414.0,"party_unity_votes_cast":405.0,"party_unity_not_voting":9.0,"with_own_party_unity":398.0,"against_own_party_unity":7.0,"party_unity_rate":0.982716049382716,"party_opposition_rate":0.0172839506172839,"party_unity_participation_rate":0.9782608695652174},"geometry":null},{"type":"Feature","properties":{"statedistrict":"IL11","state":"IL","district":11,"bioguide_id":"F000454","official_name":"Bill Foster","party":"D","party_unity_opportunities":414.0,"party_unity_votes_cast":411.0,"party_unity_not_voting":1.0,"with_own_party_unity":397.0,"against_own_party_unity":14.0,"party_unity_rate":0.9659367396593674,"party_opposition_rate":0.0340632603406326,"party_unity_participation_rate":0.9927536231884058},"geometry":null},{"type":"Feature","properties":{"statedistrict":"FL16","state":"FL","district":16,"bioguide_id":"B001260","official_name":"Vern Buchanan","party":"R","party_unity_opportunities":414.0,"party_unity_votes_cast":396.0,"party_unity_not_voting":18.0,"with_own_party_unity":394.0,"against_own_party_unity":2.0,"party_unity_rate":0.9949494949494948,"party_opposition_rate":0.005050505050505,"party_unity_participation_rate":0.9565217391304348},"geometry":null},{"type":"Feature","properties":{"statedistrict":"NE02","state":"NE","district":2,"bioguide_id":"B001298","official_name":"Don Bacon","party":"R","party_unity_opportunities":414.0,"party_unity_votes_cast":412.0,"party_unity_not_voting":2.0,"with_own_party_unity":387.0,"against_own_party_unity":25.0,"party_unity_rate":0.9393203883495146,"party_opposition_rate":0.0606796116504854,"party_unity_participation_rate":0.9951690821256038},"geometry":null},{"type":"Feature","properties":{"statedistrict":"NM02","state":"NM","district":2,"bioguide_id":"V000136","official_name":"Gabe Vasquez","party":"D","party_unity_opportunities":414.0,"party_unity_votes_cast":412.0,"party_unity_not_voting":2.0,"with_own_party_unity":362.0,"against_own_party_unity":50.0,"party_unity_rate":0.8786407766990292,"party_opposition_rate":0.1213592233009708,"party_unity_participation_rate":0.9951690821256038},"geometry":null},{"type":"Feature","properties":{"statedistrict":"MN08","state":"MN","district":8,"bioguide_id":"S001212","official_name":"Pete Stauber","party":"R","party_unity_opportunities":414.0,"party_unity_votes_cast":410.0,"party_unity_not_voting":4.0,"with_own_party_unity":405.0,"against_own_party_unity":5.0,"party_unity_rate":0.9878048780487804,"party_opposition_rate":0.0121951219512195,"party_unity_participation_rate":0.9903381642512076},"geometry":null},{"type":"Feature","properties":{"statedistrict":"MN01","state":"MN","district":1,"bioguide_id":"F000475","official_name":"Brad Finstad","party":"R","party_unity_opportunities":414.0,"party_unity_votes_cast":409.0,"party_unity_not_voting":5.0,"with_own_party_unity":409.0,"against_own_party_unity":0.0,"party_unity_rate":1.0,"party_opposition_rate":0.0,"party_unity_participation_rate":0.9879227053140096},"geometry":null},{"type":"Feature","properties":{"statedistrict":"NY06","state":"NY","district":6,"bioguide_id":"M001188","official_name":"Grace Meng","party":"D","party_unity_opportunities":414.0,"party_unity_votes_cast":404.0,"party_unity_not_voting":10.0,"with_own_party_unity":399.0,"against_own_party_unity":5.0,"party_unity_rate":0.9876237623762376,"party_opposition_rate":0.0123762376237623,"party_unity_participation_rate":0.9758454106280192},"geometry":null},{"type":"Feature","properties":{"statedistrict":"AR04","state":"AR","district":4,"bioguide_id":"W000821","official_name":"Bruce Westerman","party":"R","party_unity_opportunities":414.0,"party_unity_votes_cast":411.0,"party_unity_not_voting":3.0,"with_own_party_unity":410.0,"against_own_party_unity":1.0,"party_unity_rate":0.9975669099756692,"party_opposition_rate":0.0024330900243309,"party_unity_participation_rate":0.9927536231884058},"geometry":null},{"type":"Feature","properties":{"statedistrict":"TX21","state":"TX","district":21,"bioguide_id":"R000614","official_name":"Chip Roy","party":"R","party_unity_opportunities":414.0,"party_unity_votes_cast":390.0,"party_unity_not_voting":24.0,"with_own_party_unity":377.0,"against_own_party_unity":13.0,"party_unity_rate":0.9666666666666668,"party_opposition_rate":0.0333333333333333,"party_unity_participation_rate":0.9420289855072465},"geometry":null},{"type":"Feature","properties":{"statedistrict":"TX35","state":"TX","district":35,"bioguide_id":"C001131","official_name":"Greg Casar","party":"D","party_unity_opportunities":414.0,"party_unity_votes_cast":358.0,"party_unity_not_voting":56.0,"with_own_party_unity":358.0,"against_own_party_unity":0.0,"party_unity_rate":1.0,"party_opposition_rate":0.0,"party_unity_participation_rate":0.8647342995169082},"geometry":null},{"type":"Feature","properties":{"statedistrict":"GA01","state":"GA","district":1,"bioguide_id":"C001103","official_name":"Earl L. \"Buddy\" Carter","party":"R","party_unity_opportunities":414.0,"party_unity_votes_cast":395.0,"party_unity_not_voting":19.0,"with_own_party_unity":394.0,"against_own_party_unity":1.0,"party_unity_rate":0.9974683544303796,"party_opposition_rate":0.0025316455696202,"party_unity_participation_rate":0.9541062801932368},"geometry":null},{"type":"Feature","properties":{"statedistrict":"NJ06","state":"NJ","district":6,"bioguide_id":"P000034","official_name":"Frank Pallone, Jr.","party":"D","party_unity_opportunities":414.0,"party_unity_votes_cast":410.0,"party_unity_not_voting":2.0,"with_own_party_unity":406.0,"against_own_party_unity":4.0,"party_unity_rate":0.9902439024390244,"party_opposition_rate":0.0097560975609756,"party_unity_participation_rate":0.9903381642512076},"geometry":null},{"type":"Feature","properties":{"statedistrict":"NC14","state":"NC","district":14,"bioguide_id":"M001236","official_name":"Tim Moore","party":"R","party_unity_opportunities":414.0,"party_unity_votes_cast":412.0,"party_unity_not_voting":2.0,"with_own_party_unity":412.0,"against_own_party_unity":0.0,"party_unity_rate":1.0,"party_opposition_rate":0.0,"party_unity_participation_rate":0.9951690821256038},"geometry":null},{"type":"Feature","properties":{"statedistrict":"PA16","state":"PA","district":16,"bioguide_id":"K000376","official_name":"Mike Kelly","party":"R","party_unity_opportunities":414.0,"party_unity_votes_cast":406.0,"party_unity_not_voting":8.0,"with_own_party_unity":406.0,"against_own_party_unity":0.0,"party_unity_rate":1.0,"party_opposition_rate":0.0,"party_unity_participation_rate":0.9806763285024156},"geometry":null},{"type":"Feature","properties":{"statedistrict":"TN01","state":"TN","district":1,"bioguide_id":"H001086","official_name":"Diana Harshbarger","party":"R","party_unity_opportunities":414.0,"party_unity_votes_cast":410.0,"party_unity_not_voting":4.0,"with_own_party_unity":408.0,"against_own_party_unity":2.0,"party_unity_rate":0.9951219512195122,"party_opposition_rate":0.0048780487804878,"party_unity_participation_rate":0.9903381642512076},"geometry":null},{"type":"Feature","properties":{"statedistrict":"TX26","state":"TX","district":26,"bioguide_id":"G000603","official_name":"Brandon Gill","party":"R","party_unity_opportunities":414.0,"party_unity_votes_cast":409.0,"party_unity_not_voting":5.0,"with_own_party_unity":406.0,"against_own_party_unity":3.0,"party_unity_rate":0.9926650366748166,"party_opposition_rate":0.0073349633251833,"party_unity_participation_rate":0.9879227053140096},"geometry":null},{"type":"Feature","properties":{"statedistrict":"WV01","state":"WV","district":1,"bioguide_id":"M001205","official_name":"Carol D. Miller","party":"R","party_unity_opportunities":414.0,"party_unity_votes_cast":396.0,"party_unity_not_voting":18.0,"with_own_party_unity":396.0,"against_own_party_unity":0.0,"party_unity_rate":1.0,"party_opposition_rate":0.0,"party_unity_participation_rate":0.9565217391304348},"geometry":null},{"type":"Feature","properties":{"statedistrict":"WY00","state":"WY","district":0,"bioguide_id":"H001096","official_name":"Harriet M. Hageman","party":"R","party_unity_opportunities":414.0,"party_unity_votes_cast":413.0,"party_unity_not_voting":1.0,"with_own_party_unity":408.0,"against_own_party_unity":5.0,"party_unity_rate":0.9878934624697336,"party_opposition_rate":0.0121065375302663,"party_unity_participation_rate":0.997584541062802},"geometry":null},{"type":"Feature","properties":{"statedistrict":"FL11","state":"FL","district":11,"bioguide_id":"W000806","official_name":"Daniel Webster","party":"R","party_unity_opportunities":414.0,"party_unity_votes_cast":412.0,"party_unity_not_voting":2.0,"with_own_party_unity":411.0,"against_own_party_unity":1.0,"party_unity_rate":0.9975728155339806,"party_opposition_rate":0.0024271844660194,"party_unity_participation_rate":0.9951690821256038},"geometry":null},{"type":"Feature","properties":{"statedistrict":"TX20","state":"TX","district":20,"bioguide_id":"C001091","official_name":"Joaquin Castro","party":"D","party_unity_opportunities":414.0,"party_unity_votes_cast":407.0,"party_unity_not_voting":7.0,"with_own_party_unity":406.0,"against_own_party_unity":1.0,"party_unity_rate":0.9975429975429976,"party_opposition_rate":0.0024570024570024,"party_unity_participation_rate":0.9830917874396136},"geometry":null},{"type":"Feature","properties":{"statedistrict":"AL02","state":"AL","district":2,"bioguide_id":"F000481","official_name":"Shomari Figures","party":"D","party_unity_opportunities":414.0,"party_unity_votes_cast":406.0,"party_unity_not_voting":6.0,"with_own_party_unity":384.0,"against_own_party_unity":22.0,"party_unity_rate":0.9458128078817734,"party_opposition_rate":0.0541871921182266,"party_unity_participation_rate":0.9806763285024156},"geometry":null},{"type":"Feature","properties":{"statedistrict":"CA22","state":"CA","district":22,"bioguide_id":"V000129","official_name":"David G. Valadao","party":"R","party_unity_opportunities":414.0,"party_unity_votes_cast":406.0,"party_unity_not_voting":8.0,"with_own_party_unity":395.0,"against_own_party_unity":11.0,"party_unity_rate":0.9729064039408868,"party_opposition_rate":0.0270935960591133,"party_unity_participation_rate":0.9806763285024156},"geometry":null},{"type":"Feature","properties":{"statedistrict":"CO04","state":"CO","district":4,"bioguide_id":"B000825","official_name":"Lauren Boebert","party":"R","party_unity_opportunities":414.0,"party_unity_votes_cast":402.0,"party_unity_not_voting":12.0,"with_own_party_unity":392.0,"against_own_party_unity":10.0,"party_unity_rate":0.9751243781094528,"party_opposition_rate":0.0248756218905472,"party_unity_participation_rate":0.9710144927536232},"geometry":null},{"type":"Feature","properties":{"statedistrict":"NE01","state":"NE","district":1,"bioguide_id":"F000474","official_name":"Mike Flood","party":"R","party_unity_opportunities":414.0,"party_unity_votes_cast":412.0,"party_unity_not_voting":2.0,"with_own_party_unity":409.0,"against_own_party_unity":3.0,"party_unity_rate":0.9927184466019418,"party_opposition_rate":0.0072815533980582,"party_unity_participation_rate":0.9951690821256038},"geometry":null},{"type":"Feature","properties":{"statedistrict":"FL15","state":"FL","district":15,"bioguide_id":"L000597","official_name":"Laurel M. Lee","party":"R","party_unity_opportunities":414.0,"party_unity_votes_cast":391.0,"party_unity_not_voting":23.0,"with_own_party_unity":390.0,"against_own_party_unity":1.0,"party_unity_rate":0.9974424552429668,"party_opposition_rate":0.0025575447570332,"party_unity_participation_rate":0.9444444444444444},"geometry":null},{"type":"Feature","properties":{"statedistrict":"FL17","state":"FL","district":17,"bioguide_id":"S001214","official_name":"W. Gregory Steube","party":"R","party_unity_opportunities":414.0,"party_unity_votes_cast":408.0,"party_unity_not_voting":6.0,"with_own_party_unity":403.0,"against_own_party_unity":5.0,"party_unity_rate":0.9877450980392156,"party_opposition_rate":0.0122549019607843,"party_unity_participation_rate":0.9855072463768116},"geometry":null},{"type":"Feature","properties":{"statedistrict":"FL06","state":"FL","district":6,"bioguide_id":"F000484","official_name":"Randy Fine","party":"R","party_unity_opportunities":363.0,"party_unity_votes_cast":352.0,"party_unity_not_voting":11.0,"with_own_party_unity":347.0,"against_own_party_unity":5.0,"party_unity_rate":0.9857954545454546,"party_opposition_rate":0.0142045454545454,"party_unity_participation_rate":0.9696969696969696},"geometry":null},{"type":"Feature","properties":{"statedistrict":"FL10","state":"FL","district":10,"bioguide_id":"F000476","official_name":"Maxwell Frost","party":"D","party_unity_opportunities":414.0,"party_unity_votes_cast":413.0,"party_unity_not_voting":1.0,"with_own_party_unity":413.0,"against_own_party_unity":0.0,"party_unity_rate":1.0,"party_opposition_rate":0.0,"party_unity_participation_rate":0.997584541062802},"geometry":null},{"type":"Feature","properties":{"statedistrict":"IN03","state":"IN","district":3,"bioguide_id":"S001188","official_name":"Marlin A. Stutzman","party":"R","party_unity_opportunities":414.0,"party_unity_votes_cast":409.0,"party_unity_not_voting":5.0,"with_own_party_unity":409.0,"against_own_party_unity":0.0,"party_unity_rate":1.0,"party_opposition_rate":0.0,"party_unity_participation_rate":0.9879227053140096},"geometry":null},{"type":"Feature","properties":{"statedistrict":"KY03","state":"KY","district":3,"bioguide_id":"M001220","official_name":"Morgan McGarvey","party":"D","party_unity_opportunities":414.0,"party_unity_votes_cast":413.0,"party_unity_not_voting":1.0,"with_own_party_unity":409.0,"against_own_party_unity":4.0,"party_unity_rate":0.9903147699757868,"party_opposition_rate":0.009685230024213,"party_unity_participation_rate":0.997584541062802},"geometry":null},{"type":"Feature","properties":{"statedistrict":"KY05","state":"KY","district":5,"bioguide_id":"R000395","official_name":"Harold Rogers","party":"R","party_unity_opportunities":414.0,"party_unity_votes_cast":406.0,"party_unity_not_voting":8.0,"with_own_party_unity":406.0,"against_own_party_unity":0.0,"party_unity_rate":1.0,"party_opposition_rate":0.0,"party_unity_participation_rate":0.9806763285024156},"geometry":null},{"type":"Feature","properties":{"statedistrict":"KY04","state":"KY","district":4,"bioguide_id":"M001184","official_name":"Thomas Massie","party":"R","party_unity_opportunities":414.0,"party_unity_votes_cast":389.0,"party_unity_not_voting":22.0,"with_own_party_unity":330.0,"against_own_party_unity":59.0,"party_unity_rate":0.8483290488431876,"party_opposition_rate":0.1516709511568123,"party_unity_participation_rate":0.9396135265700484},"geometry":null},{"type":"Feature","properties":{"statedistrict":"KY02","state":"KY","district":2,"bioguide_id":"G000558","official_name":"Brett Guthrie","party":"R","party_unity_opportunities":414.0,"party_unity_votes_cast":413.0,"party_unity_not_voting":1.0,"with_own_party_unity":413.0,"against_own_party_unity":0.0,"party_unity_rate":1.0,"party_opposition_rate":0.0,"party_unity_participation_rate":0.997584541062802},"geometry":null},{"type":"Feature","properties":{"statedistrict":"MD03","state":"MD","district":3,"bioguide_id":"E000301","official_name":"Sarah Elfreth","party":"D","party_unity_opportunities":414.0,"party_unity_votes_cast":414.0,"party_unity_not_voting":0.0,"with_own_party_unity":407.0,"against_own_party_unity":7.0,"party_unity_rate":0.9830917874396136,"party_opposition_rate":0.0169082125603864,"party_unity_participation_rate":1.0},"geometry":null},{"type":"Feature","properties":{"statedistrict":"MD06","state":"MD","district":6,"bioguide_id":"M001232","official_name":"April McClain Delaney","party":"D","party_unity_opportunities":414.0,"party_unity_votes_cast":405.0,"party_unity_not_voting":8.0,"with_own_party_unity":386.0,"against_own_party_unity":19.0,"party_unity_rate":0.9530864197530864,"party_opposition_rate":0.0469135802469135,"party_unity_participation_rate":0.9782608695652174},"geometry":null},{"type":"Feature","properties":{"statedistrict":"MO04","state":"MO","district":4,"bioguide_id":"A000379","official_name":"Mark Alford","party":"R","party_unity_opportunities":414.0,"party_unity_votes_cast":407.0,"party_unity_not_voting":7.0,"with_own_party_unity":407.0,"against_own_party_unity":0.0,"party_unity_rate":1.0,"party_opposition_rate":0.0,"party_unity_participation_rate":0.9830917874396136},"geometry":null},{"type":"Feature","properties":{"statedistrict":"MT01","state":"MT","district":1,"bioguide_id":"Z000018","official_name":"Ryan K. Zinke","party":"R","party_unity_opportunities":414.0,"party_unity_votes_cast":408.0,"party_unity_not_voting":6.0,"with_own_party_unity":406.0,"against_own_party_unity":2.0,"party_unity_rate":0.9950980392156864,"party_opposition_rate":0.0049019607843137,"party_unity_participation_rate":0.9855072463768116},"geometry":null},{"type":"Feature","properties":{"statedistrict":"NV02","state":"NV","district":2,"bioguide_id":"A000369","official_name":"Mark E. Amodei","party":"R","party_unity_opportunities":414.0,"party_unity_votes_cast":401.0,"party_unity_not_voting":13.0,"with_own_party_unity":399.0,"against_own_party_unity":2.0,"party_unity_rate":0.9950124688279302,"party_opposition_rate":0.0049875311720698,"party_unity_participation_rate":0.9685990338164252},"geometry":null},{"type":"Feature","properties":{"statedistrict":"NJ09","state":"NJ","district":9,"bioguide_id":"P000621","official_name":"Nellie Pou","party":"D","party_unity_opportunities":414.0,"party_unity_votes_cast":412.0,"party_unity_not_voting":0.0,"with_own_party_unity":398.0,"against_own_party_unity":14.0,"party_unity_rate":0.9660194174757282,"party_opposition_rate":0.0339805825242718,"party_unity_participation_rate":0.9951690821256038},"geometry":null},{"type":"Feature","properties":{"statedistrict":"NJ01","state":"NJ","district":1,"bioguide_id":"N000188","official_name":"Donald Norcross","party":"D","party_unity_opportunities":414.0,"party_unity_votes_cast":355.0,"party_unity_not_voting":59.0,"with_own_party_unity":345.0,"against_own_party_unity":10.0,"party_unity_rate":0.971830985915493,"party_opposition_rate":0.028169014084507,"party_unity_participation_rate":0.857487922705314},"geometry":null},{"type":"Feature","properties":{"statedistrict":"NJ04","state":"NJ","district":4,"bioguide_id":"S000522","official_name":"Christopher H. Smith","party":"R","party_unity_opportunities":414.0,"party_unity_votes_cast":413.0,"party_unity_not_voting":1.0,"with_own_party_unity":403.0,"against_own_party_unity":10.0,"party_unity_rate":0.9757869249394672,"party_opposition_rate":0.0242130750605326,"party_unity_participation_rate":0.997584541062802},"geometry":null},{"type":"Feature","properties":{"statedistrict":"OR01","state":"OR","district":1,"bioguide_id":"B001278","official_name":"Suzanne Bonamici","party":"D","party_unity_opportunities":414.0,"party_unity_votes_cast":412.0,"party_unity_not_voting":2.0,"with_own_party_unity":412.0,"against_own_party_unity":0.0,"party_unity_rate":1.0,"party_opposition_rate":0.0,"party_unity_participation_rate":0.9951690821256038},"geometry":null},{"type":"Feature","properties":{"statedistrict":"PA08","state":"PA","district":8,"bioguide_id":"B001327","official_name":"Robert P. Bresnahan, Jr.","party":"R","party_unity_opportunities":414.0,"party_unity_votes_cast":412.0,"party_unity_not_voting":2.0,"with_own_party_unity":397.0,"against_own_party_unity":15.0,"party_unity_rate":0.9635922330097088,"party_opposition_rate":0.0364077669902912,"party_unity_participation_rate":0.9951690821256038},"geometry":null},{"type":"Feature","properties":{"statedistrict":"PA04","state":"PA","district":4,"bioguide_id":"D000631","official_name":"Madeleine Dean","party":"D","party_unity_opportunities":414.0,"party_unity_votes_cast":410.0,"party_unity_not_voting":4.0,"with_own_party_unity":407.0,"against_own_party_unity":3.0,"party_unity_rate":0.9926829268292684,"party_opposition_rate":0.0073170731707317,"party_unity_participation_rate":0.9903381642512076},"geometry":null},{"type":"Feature","properties":{"statedistrict":"PA07","state":"PA","district":7,"bioguide_id":"M001230","official_name":"Ryan Mackenzie","party":"R","party_unity_opportunities":414.0,"party_unity_votes_cast":410.0,"party_unity_not_voting":4.0,"with_own_party_unity":401.0,"against_own_party_unity":9.0,"party_unity_rate":0.9780487804878047,"party_opposition_rate":0.0219512195121951,"party_unity_participation_rate":0.9903381642512076},"geometry":null},{"type":"Feature","properties":{"statedistrict":"VA01","state":"VA","district":1,"bioguide_id":"W000804","official_name":"Robert J. Wittman","party":"R","party_unity_opportunities":414.0,"party_unity_votes_cast":406.0,"party_unity_not_voting":8.0,"with_own_party_unity":405.0,"against_own_party_unity":1.0,"party_unity_rate":0.9975369458128078,"party_opposition_rate":0.0024630541871921,"party_unity_participation_rate":0.9806763285024156},"geometry":null},{"type":"Feature","properties":{"statedistrict":"VA05","state":"VA","district":5,"bioguide_id":"M001239","official_name":"John J. McGuire III","party":"R","party_unity_opportunities":414.0,"party_unity_votes_cast":414.0,"party_unity_not_voting":0.0,"with_own_party_unity":413.0,"against_own_party_unity":1.0,"party_unity_rate":0.997584541062802,"party_opposition_rate":0.002415458937198,"party_unity_participation_rate":1.0},"geometry":null},{"type":"Feature","properties":{"statedistrict":"VA07","state":"VA","district":7,"bioguide_id":"V000138","official_name":"Eugene Simon Vindman","party":"D","party_unity_opportunities":414.0,"party_unity_votes_cast":412.0,"party_unity_not_voting":2.0,"with_own_party_unity":359.0,"against_own_party_unity":53.0,"party_unity_rate":0.8713592233009708,"party_opposition_rate":0.1286407766990291,"party_unity_participation_rate":0.9951690821256038},"geometry":null},{"type":"Feature","properties":{"statedistrict":"FL09","state":"FL","district":9,"bioguide_id":"S001200","official_name":"Darren Soto","party":"D","party_unity_opportunities":414.0,"party_unity_votes_cast":413.0,"party_unity_not_voting":0.0,"with_own_party_unity":376.0,"against_own_party_unity":37.0,"party_unity_rate":0.910411622276029,"party_opposition_rate":0.0895883777239709,"party_unity_participation_rate":0.997584541062802},"geometry":null},{"type":"Feature","properties":{"statedistrict":"HI01","state":"HI","district":1,"bioguide_id":"C001055","official_name":"Ed Case","party":"D","party_unity_opportunities":414.0,"party_unity_votes_cast":410.0,"party_unity_not_voting":2.0,"with_own_party_unity":391.0,"against_own_party_unity":19.0,"party_unity_rate":0.9536585365853658,"party_opposition_rate":0.0463414634146341,"party_unity_participation_rate":0.9903381642512076},"geometry":null},{"type":"Feature","properties":{"statedistrict":"NC09","state":"NC","district":9,"bioguide_id":"H001067","official_name":"Richard Hudson","party":"R","party_unity_opportunities":414.0,"party_unity_votes_cast":410.0,"party_unity_not_voting":4.0,"with_own_party_unity":410.0,"against_own_party_unity":0.0,"party_unity_rate":1.0,"party_opposition_rate":0.0,"party_unity_participation_rate":0.9903381642512076},"geometry":null},{"type":"Feature","properties":{"statedistrict":"CA25","state":"CA","district":25,"bioguide_id":"R000599","official_name":"Raul Ruiz","party":"D","party_unity_opportunities":414.0,"party_unity_votes_cast":409.0,"party_unity_not_voting":5.0,"with_own_party_unity":399.0,"against_own_party_unity":10.0,"party_unity_rate":0.9755501222493888,"party_opposition_rate":0.0244498777506112,"party_unity_participation_rate":0.9879227053140096},"geometry":null},{"type":"Feature","properties":{"statedistrict":"CA43","state":"CA","district":43,"bioguide_id":"W000187","official_name":"Maxine Waters","party":"D","party_unity_opportunities":414.0,"party_unity_votes_cast":396.0,"party_unity_not_voting":17.0,"with_own_party_unity":395.0,"against_own_party_unity":1.0,"party_unity_rate":0.9974747474747476,"party_opposition_rate":0.0025252525252525,"party_unity_participation_rate":0.9565217391304348},"geometry":null},{"type":"Feature","properties":{"statedistrict":"CO03","state":"CO","district":3,"bioguide_id":"H001100","official_name":"Jeff Hurd","party":"R","party_unity_opportunities":414.0,"party_unity_votes_cast":413.0,"party_unity_not_voting":1.0,"with_own_party_unity":406.0,"against_own_party_unity":7.0,"party_unity_rate":0.9830508474576272,"party_opposition_rate":0.0169491525423728,"party_unity_participation_rate":0.997584541062802},"geometry":null},{"type":"Feature","properties":{"statedistrict":"CO08","state":"CO","district":8,"bioguide_id":"E000300","official_name":"Gabe Evans","party":"R","party_unity_opportunities":414.0,"party_unity_votes_cast":414.0,"party_unity_not_voting":0.0,"with_own_party_unity":409.0,"against_own_party_unity":5.0,"party_unity_rate":0.9879227053140096,"party_opposition_rate":0.0120772946859903,"party_unity_participation_rate":1.0},"geometry":null},{"type":"Feature","properties":{"statedistrict":"CO07","state":"CO","district":7,"bioguide_id":"P000620","official_name":"Brittany Pettersen","party":"D","party_unity_opportunities":414.0,"party_unity_votes_cast":366.0,"party_unity_not_voting":48.0,"with_own_party_unity":358.0,"against_own_party_unity":8.0,"party_unity_rate":0.9781420765027322,"party_opposition_rate":0.0218579234972677,"party_unity_participation_rate":0.8840579710144928},"geometry":null},{"type":"Feature","properties":{"statedistrict":"FL03","state":"FL","district":3,"bioguide_id":"C001039","official_name":"Kat Cammack","party":"R","party_unity_opportunities":414.0,"party_unity_votes_cast":407.0,"party_unity_not_voting":7.0,"with_own_party_unity":404.0,"against_own_party_unity":3.0,"party_unity_rate":0.9926289926289926,"party_opposition_rate":0.0073710073710073,"party_unity_participation_rate":0.9830917874396136},"geometry":null},{"type":"Feature","properties":{"statedistrict":"FL05","state":"FL","district":5,"bioguide_id":"R000609","official_name":"John H. Rutherford","party":"R","party_unity_opportunities":414.0,"party_unity_votes_cast":368.0,"party_unity_not_voting":46.0,"with_own_party_unity":366.0,"against_own_party_unity":2.0,"party_unity_rate":0.9945652173913044,"party_opposition_rate":0.0054347826086956,"party_unity_participation_rate":0.8888888888888888},"geometry":null},{"type":"Feature","properties":{"statedistrict":"NY10","state":"NY","district":10,"bioguide_id":"G000599","official_name":"Daniel S. Goldman","party":"D","party_unity_opportunities":414.0,"party_unity_votes_cast":389.0,"party_unity_not_voting":24.0,"with_own_party_unity":382.0,"against_own_party_unity":7.0,"party_unity_rate":0.9820051413881749,"party_opposition_rate":0.0179948586118251,"party_unity_participation_rate":0.9396135265700484},"geometry":null},{"type":"Feature","properties":{"statedistrict":"NY20","state":"NY","district":20,"bioguide_id":"T000469","official_name":"Paul Tonko","party":"D","party_unity_opportunities":414.0,"party_unity_votes_cast":410.0,"party_unity_not_voting":4.0,"with_own_party_unity":408.0,"against_own_party_unity":2.0,"party_unity_rate":0.9951219512195122,"party_opposition_rate":0.0048780487804878,"party_unity_participation_rate":0.9903381642512076},"geometry":null},{"type":"Feature","properties":{"statedistrict":"NC01","state":"NC","district":1,"bioguide_id":"D000230","official_name":"Donald G. Davis","party":"D","party_unity_opportunities":414.0,"party_unity_votes_cast":409.0,"party_unity_not_voting":3.0,"with_own_party_unity":286.0,"against_own_party_unity":123.0,"party_unity_rate":0.6992665036674817,"party_opposition_rate":0.3007334963325183,"party_unity_participation_rate":0.9879227053140096},"geometry":null},{"type":"Feature","properties":{"statedistrict":"NC08","state":"NC","district":8,"bioguide_id":"H001102","official_name":"Mark Harris","party":"R","party_unity_opportunities":414.0,"party_unity_votes_cast":414.0,"party_unity_not_voting":0.0,"with_own_party_unity":412.0,"against_own_party_unity":2.0,"party_unity_rate":0.9951690821256038,"party_opposition_rate":0.0048309178743961,"party_unity_participation_rate":1.0},"geometry":null},{"type":"Feature","properties":{"statedistrict":"WI08","state":"WI","district":8,"bioguide_id":"W000829","official_name":"Tony Wied","party":"R","party_unity_opportunities":414.0,"party_unity_votes_cast":411.0,"party_unity_not_voting":3.0,"with_own_party_unity":410.0,"against_own_party_unity":1.0,"party_unity_rate":0.9975669099756692,"party_opposition_rate":0.0024330900243309,"party_unity_participation_rate":0.9927536231884058},"geometry":null},{"type":"Feature","properties":{"statedistrict":"WI05","state":"WI","district":5,"bioguide_id":"F000471","official_name":"Scott Fitzgerald","party":"R","party_unity_opportunities":414.0,"party_unity_votes_cast":411.0,"party_unity_not_voting":3.0,"with_own_party_unity":410.0,"against_own_party_unity":1.0,"party_unity_rate":0.9975669099756692,"party_opposition_rate":0.0024330900243309,"party_unity_participation_rate":0.9927536231884058},"geometry":null},{"type":"Feature","properties":{"statedistrict":"AK00","state":"AK","district":0,"bioguide_id":"B001323","official_name":"Nicholas J. Begich III","party":"R","party_unity_opportunities":414.0,"party_unity_votes_cast":411.0,"party_unity_not_voting":3.0,"with_own_party_unity":410.0,"against_own_party_unity":1.0,"party_unity_rate":0.9975669099756692,"party_opposition_rate":0.0024330900243309,"party_unity_participation_rate":0.9927536231884058},"geometry":null},{"type":"Feature","properties":{"statedistrict":"MA09","state":"MA","district":9,"bioguide_id":"K000375","official_name":"William R. Keating","party":"D","party_unity_opportunities":414.0,"party_unity_votes_cast":396.0,"party_unity_not_voting":18.0,"with_own_party_unity":386.0,"against_own_party_unity":10.0,"party_unity_rate":0.9747474747474748,"party_opposition_rate":0.0252525252525252,"party_unity_participation_rate":0.9565217391304348},"geometry":null},{"type":"Feature","properties":{"statedistrict":"OH13","state":"OH","district":13,"bioguide_id":"S001223","official_name":"Emilia Strong Sykes","party":"D","party_unity_opportunities":414.0,"party_unity_votes_cast":401.0,"party_unity_not_voting":11.0,"with_own_party_unity":382.0,"against_own_party_unity":19.0,"party_unity_rate":0.9526184538653366,"party_opposition_rate":0.0473815461346633,"party_unity_participation_rate":0.9685990338164252},"geometry":null},{"type":"Feature","properties":{"statedistrict":"OH12","state":"OH","district":12,"bioguide_id":"B001306","official_name":"Troy Balderson","party":"R","party_unity_opportunities":414.0,"party_unity_votes_cast":407.0,"party_unity_not_voting":7.0,"with_own_party_unity":407.0,"against_own_party_unity":0.0,"party_unity_rate":1.0,"party_opposition_rate":0.0,"party_unity_participation_rate":0.9830917874396136},"geometry":null},{"type":"Feature","properties":{"statedistrict":"OH10","state":"OH","district":10,"bioguide_id":"T000463","official_name":"Michael R. Turner","party":"R","party_unity_opportunities":414.0,"party_unity_votes_cast":404.0,"party_unity_not_voting":10.0,"with_own_party_unity":389.0,"against_own_party_unity":15.0,"party_unity_rate":0.9628712871287128,"party_opposition_rate":0.0371287128712871,"party_unity_participation_rate":0.9758454106280192},"geometry":null},{"type":"Feature","properties":{"statedistrict":"OH11","state":"OH","district":11,"bioguide_id":"B001313","official_name":"Shontel M. Brown","party":"D","party_unity_opportunities":414.0,"party_unity_votes_cast":414.0,"party_unity_not_voting":0.0,"with_own_party_unity":412.0,"against_own_party_unity":2.0,"party_unity_rate":0.9951690821256038,"party_opposition_rate":0.0048309178743961,"party_unity_participation_rate":1.0},"geometry":null},{"type":"Feature","properties":{"statedistrict":"TN03","state":"TN","district":3,"bioguide_id":"F000459","official_name":"Charles J. \"Chuck\" Fleischmann","party":"R","party_unity_opportunities":414.0,"party_unity_votes_cast":413.0,"party_unity_not_voting":1.0,"with_own_party_unity":412.0,"against_own_party_unity":1.0,"party_unity_rate":0.9975786924939468,"party_opposition_rate":0.0024213075060532,"party_unity_participation_rate":0.997584541062802},"geometry":null},{"type":"Feature","properties":{"statedistrict":"TN05","state":"TN","district":5,"bioguide_id":"O000175","official_name":"Andrew Ogles","party":"R","party_unity_opportunities":414.0,"party_unity_votes_cast":385.0,"party_unity_not_voting":29.0,"with_own_party_unity":381.0,"against_own_party_unity":4.0,"party_unity_rate":0.9896103896103896,"party_opposition_rate":0.0103896103896103,"party_unity_participation_rate":0.929951690821256},"geometry":null},{"type":"Feature","properties":{"statedistrict":"MI06","state":"MI","district":6,"bioguide_id":"D000624","official_name":"Debbie Dingell","party":"D","party_unity_opportunities":414.0,"party_unity_votes_cast":405.0,"party_unity_not_voting":9.0,"with_own_party_unity":402.0,"against_own_party_unity":3.0,"party_unity_rate":0.9925925925925926,"party_opposition_rate":0.0074074074074074,"party_unity_participation_rate":0.9782608695652174},"geometry":null},{"type":"Feature","properties":{"statedistrict":"MI02","state":"MI","district":2,"bioguide_id":"M001194","official_name":"John R. Moolenaar","party":"R","party_unity_opportunities":414.0,"party_unity_votes_cast":412.0,"party_unity_not_voting":2.0,"with_own_party_unity":412.0,"against_own_party_unity":0.0,"party_unity_rate":1.0,"party_opposition_rate":0.0,"party_unity_participation_rate":0.9951690821256038},"geometry":null},{"type":"Feature","properties":{"statedistrict":"WA03","state":"WA","district":3,"bioguide_id":"G000600","official_name":"Marie Gluesenkamp Perez","party":"D","party_unity_opportunities":414.0,"party_unity_votes_cast":409.0,"party_unity_not_voting":5.0,"with_own_party_unity":284.0,"against_own_party_unity":125.0,"party_unity_rate":0.6943765281173594,"party_opposition_rate":0.3056234718826406,"party_unity_participation_rate":0.9879227053140096},"geometry":null},{"type":"Feature","properties":{"statedistrict":"WA08","state":"WA","district":8,"bioguide_id":"S001216","official_name":"Kim Schrier","party":"D","party_unity_opportunities":414.0,"party_unity_votes_cast":407.0,"party_unity_not_voting":6.0,"with_own_party_unity":374.0,"against_own_party_unity":33.0,"party_unity_rate":0.918918918918919,"party_opposition_rate":0.081081081081081,"party_unity_participation_rate":0.9830917874396136},"geometry":null},{"type":"Feature","properties":{"statedistrict":"WA05","state":"WA","district":5,"bioguide_id":"B001322","official_name":"Michael Baumgartner","party":"R","party_unity_opportunities":414.0,"party_unity_votes_cast":407.0,"party_unity_not_voting":7.0,"with_own_party_unity":407.0,"against_own_party_unity":0.0,"party_unity_rate":1.0,"party_opposition_rate":0.0,"party_unity_participation_rate":0.9830917874396136},"geometry":null},{"type":"Feature","properties":{"statedistrict":"LA02","state":"LA","district":2,"bioguide_id":"C001125","official_name":"Troy A. Carter","party":"D","party_unity_opportunities":414.0,"party_unity_votes_cast":409.0,"party_unity_not_voting":5.0,"with_own_party_unity":402.0,"against_own_party_unity":7.0,"party_unity_rate":0.982885085574572,"party_opposition_rate":0.0171149144254278,"party_unity_participation_rate":0.9879227053140096},"geometry":null},{"type":"Feature","properties":{"statedistrict":"LA05","state":"LA","district":5,"bioguide_id":"L000595","official_name":"Julia Letlow","party":"R","party_unity_opportunities":414.0,"party_unity_votes_cast":399.0,"party_unity_not_voting":15.0,"with_own_party_unity":399.0,"against_own_party_unity":0.0,"party_unity_rate":1.0,"party_opposition_rate":0.0,"party_unity_participation_rate":0.9637681159420288},"geometry":null},{"type":"Feature","properties":{"statedistrict":"CA04","state":"CA","district":4,"bioguide_id":"T000460","official_name":"Mike Thompson","party":"D","party_unity_opportunities":414.0,"party_unity_votes_cast":412.0,"party_unity_not_voting":2.0,"with_own_party_unity":401.0,"against_own_party_unity":11.0,"party_unity_rate":0.9733009708737864,"party_opposition_rate":0.0266990291262135,"party_unity_participation_rate":0.9951690821256038},"geometry":null},{"type":"Feature","properties":{"statedistrict":"AR02","state":"AR","district":2,"bioguide_id":"H001072","official_name":"J. French Hill","party":"R","party_unity_opportunities":414.0,"party_unity_votes_cast":411.0,"party_unity_not_voting":3.0,"with_own_party_unity":408.0,"against_own_party_unity":3.0,"party_unity_rate":0.9927007299270072,"party_opposition_rate":0.0072992700729927,"party_unity_participation_rate":0.9927536231884058},"geometry":null},{"type":"Feature","properties":{"statedistrict":"CA33","state":"CA","district":33,"bioguide_id":"A000371","official_name":"Pete Aguilar","party":"D","party_unity_opportunities":414.0,"party_unity_votes_cast":410.0,"party_unity_not_voting":2.0,"with_own_party_unity":401.0,"against_own_party_unity":9.0,"party_unity_rate":0.9780487804878047,"party_opposition_rate":0.0219512195121951,"party_unity_participation_rate":0.9903381642512076},"geometry":null},{"type":"Feature","properties":{"statedistrict":"MD05","state":"MD","district":5,"bioguide_id":"H000874","official_name":"Steny H. Hoyer","party":"D","party_unity_opportunities":414.0,"party_unity_votes_cast":404.0,"party_unity_not_voting":7.0,"with_own_party_unity":391.0,"against_own_party_unity":13.0,"party_unity_rate":0.9678217821782178,"party_opposition_rate":0.0321782178217821,"party_unity_participation_rate":0.9758454106280192},"geometry":null},{"type":"Feature","properties":{"statedistrict":"NH01","state":"NH","district":1,"bioguide_id":"P000614","official_name":"Chris Pappas","party":"D","party_unity_opportunities":414.0,"party_unity_votes_cast":411.0,"party_unity_not_voting":0.0,"with_own_party_unity":366.0,"against_own_party_unity":45.0,"party_unity_rate":0.8905109489051095,"party_opposition_rate":0.1094890510948905,"party_unity_participation_rate":0.9927536231884058},"geometry":null},{"type":"Feature","properties":{"statedistrict":"PA17","state":"PA","district":17,"bioguide_id":"D000530","official_name":"Christopher R. Deluzio","party":"D","party_unity_opportunities":414.0,"party_unity_votes_cast":414.0,"party_unity_not_voting":0.0,"with_own_party_unity":407.0,"against_own_party_unity":7.0,"party_unity_rate":0.9830917874396136,"party_opposition_rate":0.0169082125603864,"party_unity_participation_rate":1.0},"geometry":null},{"type":"Feature","properties":{"statedistrict":"CA01","state":"CA","district":1,"bioguide_id":"G000607","official_name":"James Gallagher","party":"R","party_unity_opportunities":44.0,"party_unity_votes_cast":42.0,"party_unity_not_voting":2.0,"with_own_party_unity":42.0,"against_own_party_unity":0.0,"party_unity_rate":1.0,"party_opposition_rate":0.0,"party_unity_participation_rate":0.9545454545454546},"geometry":null},{"type":"Feature","properties":{"statedistrict":"LA04","state":"LA","district":4,"bioguide_id":"J000299","official_name":"Mike Johnson","party":"R","party_unity_opportunities":391.0,"party_unity_votes_cast":391.0,"party_unity_not_voting":0.0,"with_own_party_unity":390.0,"against_own_party_unity":1.0,"party_unity_rate":0.9974424552429668,"party_opposition_rate":0.0025575447570332,"party_unity_participation_rate":1.0},"geometry":null},{"type":"Feature","properties":{"statedistrict":"CA51","state":"CA","district":51,"bioguide_id":"J000305","official_name":"Sara Jacobs","party":"D","party_unity_opportunities":414.0,"party_unity_votes_cast":413.0,"party_unity_not_voting":1.0,"with_own_party_unity":412.0,"against_own_party_unity":1.0,"party_unity_rate":0.9975786924939468,"party_opposition_rate":0.0024213075060532,"party_unity_participation_rate":0.997584541062802},"geometry":null},{"type":"Feature","properties":{"statedistrict":"IL15","state":"IL","district":15,"bioguide_id":"M001211","official_name":"Mary E. Miller","party":"R","party_unity_opportunities":414.0,"party_unity_votes_cast":399.0,"party_unity_not_voting":15.0,"with_own_party_unity":398.0,"against_own_party_unity":1.0,"party_unity_rate":0.9974937343358397,"party_opposition_rate":0.0025062656641604,"party_unity_participation_rate":0.9637681159420288},"geometry":null},{"type":"Feature","properties":{"statedistrict":"NJ08","state":"NJ","district":8,"bioguide_id":"M001226","official_name":"Robert Menendez","party":"D","party_unity_opportunities":414.0,"party_unity_votes_cast":414.0,"party_unity_not_voting":0.0,"with_own_party_unity":409.0,"against_own_party_unity":5.0,"party_unity_rate":0.9879227053140096,"party_opposition_rate":0.0120772946859903,"party_unity_participation_rate":1.0},"geometry":null},{"type":"Feature","properties":{"statedistrict":"SD00","state":"SD","district":0,"bioguide_id":"J000301","official_name":"Dusty Johnson","party":"R","party_unity_opportunities":414.0,"party_unity_votes_cast":399.0,"party_unity_not_voting":15.0,"with_own_party_unity":399.0,"against_own_party_unity":0.0,"party_unity_rate":1.0,"party_opposition_rate":0.0,"party_unity_participation_rate":0.9637681159420288},"geometry":null},{"type":"Feature","properties":{"statedistrict":"IN06","state":"IN","district":6,"bioguide_id":"S001229","official_name":"Jefferson Shreve","party":"R","party_unity_opportunities":414.0,"party_unity_votes_cast":409.0,"party_unity_not_voting":5.0,"with_own_party_unity":409.0,"against_own_party_unity":0.0,"party_unity_rate":1.0,"party_opposition_rate":0.0,"party_unity_participation_rate":0.9879227053140096},"geometry":null},{"type":"Feature","properties":{"statedistrict":"MA02","state":"MA","district":2,"bioguide_id":"M000312","official_name":"James P. McGovern","party":"D","party_unity_opportunities":414.0,"party_unity_votes_cast":406.0,"party_unity_not_voting":8.0,"with_own_party_unity":406.0,"against_own_party_unity":0.0,"party_unity_rate":1.0,"party_opposition_rate":0.0,"party_unity_participation_rate":0.9806763285024156},"geometry":null},{"type":"Feature","properties":{"statedistrict":"OH07","state":"OH","district":7,"bioguide_id":"M001222","official_name":"Max L. Miller","party":"R","party_unity_opportunities":414.0,"party_unity_votes_cast":397.0,"party_unity_not_voting":17.0,"with_own_party_unity":385.0,"against_own_party_unity":12.0,"party_unity_rate":0.9697732997481108,"party_opposition_rate":0.0302267002518891,"party_unity_participation_rate":0.9589371980676328},"geometry":null},{"type":"Feature","properties":{"statedistrict":"PA09","state":"PA","district":9,"bioguide_id":"M001204","official_name":"Daniel Meuser","party":"R","party_unity_opportunities":414.0,"party_unity_votes_cast":395.0,"party_unity_not_voting":18.0,"with_own_party_unity":394.0,"against_own_party_unity":1.0,"party_unity_rate":0.9974683544303796,"party_opposition_rate":0.0025316455696202,"party_unity_participation_rate":0.9541062801932368},"geometry":null},{"type":"Feature","properties":{"statedistrict":"VA04","state":"VA","district":4,"bioguide_id":"M001227","official_name":"Jennifer L. McClellan","party":"D","party_unity_opportunities":414.0,"party_unity_votes_cast":412.0,"party_unity_not_voting":0.0,"with_own_party_unity":410.0,"against_own_party_unity":2.0,"party_unity_rate":0.9951456310679612,"party_opposition_rate":0.0048543689320388,"party_unity_participation_rate":0.9951690821256038},"geometry":null},{"type":"Feature","properties":{"statedistrict":"VA11","state":"VA","district":11,"bioguide_id":"W000831","official_name":"James R. Walkinshaw","party":"D","party_unity_opportunities":271.0,"party_unity_votes_cast":268.0,"party_unity_not_voting":1.0,"with_own_party_unity":264.0,"against_own_party_unity":4.0,"party_unity_rate":0.9850746268656716,"party_opposition_rate":0.0149253731343283,"party_unity_participation_rate":0.988929889298893},"geometry":null},{"type":"Feature","properties":{"statedistrict":"TX13","state":"TX","district":13,"bioguide_id":"J000304","official_name":"Ronny Jackson","party":"R","party_unity_opportunities":414.0,"party_unity_votes_cast":407.0,"party_unity_not_voting":7.0,"with_own_party_unity":405.0,"against_own_party_unity":2.0,"party_unity_rate":0.995085995085995,"party_opposition_rate":0.0049140049140049,"party_unity_participation_rate":0.9830917874396136},"geometry":null},{"type":"Feature","properties":{"statedistrict":"TX33","state":"TX","district":33,"bioguide_id":"V000131","official_name":"Marc A. Veasey","party":"D","party_unity_opportunities":414.0,"party_unity_votes_cast":404.0,"party_unity_not_voting":8.0,"with_own_party_unity":374.0,"against_own_party_unity":30.0,"party_unity_rate":0.9257425742574258,"party_opposition_rate":0.0742574257425742,"party_unity_participation_rate":0.9758454106280192},"geometry":null},{"type":"Feature","properties":{"statedistrict":"TX30","state":"TX","district":30,"bioguide_id":"C001130","official_name":"Jasmine Crockett","party":"D","party_unity_opportunities":414.0,"party_unity_votes_cast":386.0,"party_unity_not_voting":28.0,"with_own_party_unity":385.0,"against_own_party_unity":1.0,"party_unity_rate":0.9974093264248703,"party_opposition_rate":0.0025906735751295,"party_unity_participation_rate":0.932367149758454},"geometry":null},{"type":"Feature","properties":{"statedistrict":"TX12","state":"TX","district":12,"bioguide_id":"G000601","official_name":"Craig A. Goldman","party":"R","party_unity_opportunities":414.0,"party_unity_votes_cast":414.0,"party_unity_not_voting":0.0,"with_own_party_unity":413.0,"against_own_party_unity":1.0,"party_unity_rate":0.997584541062802,"party_opposition_rate":0.002415458937198,"party_unity_participation_rate":1.0},"geometry":null},{"type":"Feature","properties":{"statedistrict":"TX24","state":"TX","district":24,"bioguide_id":"V000134","official_name":"Beth Van Duyne","party":"R","party_unity_opportunities":414.0,"party_unity_votes_cast":413.0,"party_unity_not_voting":1.0,"with_own_party_unity":411.0,"against_own_party_unity":2.0,"party_unity_rate":0.9951573849878934,"party_opposition_rate":0.0048426150121065,"party_unity_participation_rate":0.997584541062802},"geometry":null},{"type":"Feature","properties":{"statedistrict":"TX06","state":"TX","district":6,"bioguide_id":"E000071","official_name":"Jake Ellzey","party":"R","party_unity_opportunities":414.0,"party_unity_votes_cast":412.0,"party_unity_not_voting":2.0,"with_own_party_unity":411.0,"against_own_party_unity":1.0,"party_unity_rate":0.9975728155339806,"party_opposition_rate":0.0024271844660194,"party_unity_participation_rate":0.9951690821256038},"geometry":null},{"type":"Feature","properties":{"statedistrict":"TX17","state":"TX","district":17,"bioguide_id":"S000250","official_name":"Pete Sessions","party":"R","party_unity_opportunities":414.0,"party_unity_votes_cast":413.0,"party_unity_not_voting":1.0,"with_own_party_unity":411.0,"against_own_party_unity":2.0,"party_unity_rate":0.9951573849878934,"party_opposition_rate":0.0048426150121065,"party_unity_participation_rate":0.997584541062802},"geometry":null},{"type":"Feature","properties":{"statedistrict":"TX19","state":"TX","district":19,"bioguide_id":"A000375","official_name":"Jodey C. Arrington","party":"R","party_unity_opportunities":414.0,"party_unity_votes_cast":401.0,"party_unity_not_voting":13.0,"with_own_party_unity":399.0,"against_own_party_unity":2.0,"party_unity_rate":0.9950124688279302,"party_opposition_rate":0.0049875311720698,"party_unity_participation_rate":0.9685990338164252},"geometry":null},{"type":"Feature","properties":{"statedistrict":"OK02","state":"OK","district":2,"bioguide_id":"B001317","official_name":"Josh Brecheen","party":"R","party_unity_opportunities":414.0,"party_unity_votes_cast":397.0,"party_unity_not_voting":17.0,"with_own_party_unity":390.0,"against_own_party_unity":7.0,"party_unity_rate":0.982367758186398,"party_opposition_rate":0.017632241813602,"party_unity_participation_rate":0.9589371980676328},"geometry":null},{"type":"Feature","properties":{"statedistrict":"AZ06","state":"AZ","district":6,"bioguide_id":"C001133","official_name":"Juan Ciscomani","party":"R","party_unity_opportunities":414.0,"party_unity_votes_cast":404.0,"party_unity_not_voting":10.0,"with_own_party_unity":401.0,"against_own_party_unity":3.0,"party_unity_rate":0.9925742574257426,"party_opposition_rate":0.0074257425742574,"party_unity_participation_rate":0.9758454106280192},"geometry":null},{"type":"Feature","properties":{"statedistrict":"NM03","state":"NM","district":3,"bioguide_id":"L000273","official_name":"Teresa Leger Fernandez","party":"D","party_unity_opportunities":414.0,"party_unity_votes_cast":382.0,"party_unity_not_voting":32.0,"with_own_party_unity":380.0,"against_own_party_unity":2.0,"party_unity_rate":0.9947643979057592,"party_opposition_rate":0.0052356020942408,"party_unity_participation_rate":0.9227053140096618},"geometry":null},{"type":"Feature","properties":{"statedistrict":"IL14","state":"IL","district":14,"bioguide_id":"U000040","official_name":"Lauren Underwood","party":"D","party_unity_opportunities":414.0,"party_unity_votes_cast":412.0,"party_unity_not_voting":2.0,"with_own_party_unity":411.0,"against_own_party_unity":1.0,"party_unity_rate":0.9975728155339806,"party_opposition_rate":0.0024271844660194,"party_unity_participation_rate":0.9951690821256038},"geometry":null},{"type":"Feature","properties":{"statedistrict":"IL02","state":"IL","district":2,"bioguide_id":"K000385","official_name":"Robin L. Kelly","party":"D","party_unity_opportunities":414.0,"party_unity_votes_cast":407.0,"party_unity_not_voting":7.0,"with_own_party_unity":405.0,"against_own_party_unity":2.0,"party_unity_rate":0.995085995085995,"party_opposition_rate":0.0049140049140049,"party_unity_participation_rate":0.9830917874396136},"geometry":null},{"type":"Feature","properties":{"statedistrict":"IA01","state":"IA","district":1,"bioguide_id":"M001215","official_name":"Mariannette Miller-Meeks","party":"R","party_unity_opportunities":414.0,"party_unity_votes_cast":403.0,"party_unity_not_voting":11.0,"with_own_party_unity":397.0,"against_own_party_unity":6.0,"party_unity_rate":0.9851116625310172,"party_opposition_rate":0.0148883374689826,"party_unity_participation_rate":0.9734299516908212},"geometry":null},{"type":"Feature","properties":{"statedistrict":"IA02","state":"IA","district":2,"bioguide_id":"H001091","official_name":"Ashley Hinson","party":"R","party_unity_opportunities":414.0,"party_unity_votes_cast":410.0,"party_unity_not_voting":4.0,"with_own_party_unity":409.0,"against_own_party_unity":1.0,"party_unity_rate":0.997560975609756,"party_opposition_rate":0.0024390243902439,"party_unity_participation_rate":0.9903381642512076},"geometry":null},{"type":"Feature","properties":{"statedistrict":"GA02","state":"GA","district":2,"bioguide_id":"B000490","official_name":"Sanford D. Bishop, Jr.","party":"D","party_unity_opportunities":414.0,"party_unity_votes_cast":405.0,"party_unity_not_voting":8.0,"with_own_party_unity":376.0,"against_own_party_unity":29.0,"party_unity_rate":0.928395061728395,"party_opposition_rate":0.0716049382716049,"party_unity_participation_rate":0.9782608695652174},"geometry":null},{"type":"Feature","properties":{"statedistrict":"GA07","state":"GA","district":7,"bioguide_id":"M001218","official_name":"Richard McCormick","party":"R","party_unity_opportunities":414.0,"party_unity_votes_cast":413.0,"party_unity_not_voting":1.0,"with_own_party_unity":410.0,"against_own_party_unity":3.0,"party_unity_rate":0.9927360774818402,"party_opposition_rate":0.0072639225181598,"party_unity_participation_rate":0.997584541062802},"geometry":null},{"type":"Feature","properties":{"statedistrict":"GA09","state":"GA","district":9,"bioguide_id":"C001116","official_name":"Andrew S. Clyde","party":"R","party_unity_opportunities":414.0,"party_unity_votes_cast":405.0,"party_unity_not_voting":9.0,"with_own_party_unity":401.0,"against_own_party_unity":4.0,"party_unity_rate":0.9901234567901236,"party_opposition_rate":0.0098765432098765,"party_unity_participation_rate":0.9782608695652174},"geometry":null},{"type":"Feature","properties":{"statedistrict":"FL23","state":"FL","district":23,"bioguide_id":"M001217","official_name":"Jared Moskowitz","party":"D","party_unity_opportunities":414.0,"party_unity_votes_cast":399.0,"party_unity_not_voting":14.0,"with_own_party_unity":350.0,"against_own_party_unity":49.0,"party_unity_rate":0.8771929824561403,"party_opposition_rate":0.1228070175438596,"party_unity_participation_rate":0.9637681159420288},"geometry":null},{"type":"Feature","properties":{"statedistrict":"NY01","state":"NY","district":1,"bioguide_id":"L000598","official_name":"Nick LaLota","party":"R","party_unity_opportunities":414.0,"party_unity_votes_cast":407.0,"party_unity_not_voting":7.0,"with_own_party_unity":393.0,"against_own_party_unity":14.0,"party_unity_rate":0.9656019656019657,"party_opposition_rate":0.0343980343980344,"party_unity_participation_rate":0.9830917874396136},"geometry":null},{"type":"Feature","properties":{"statedistrict":"MN06","state":"MN","district":6,"bioguide_id":"E000294","official_name":"Tom Emmer","party":"R","party_unity_opportunities":414.0,"party_unity_votes_cast":409.0,"party_unity_not_voting":5.0,"with_own_party_unity":409.0,"against_own_party_unity":0.0,"party_unity_rate":1.0,"party_opposition_rate":0.0,"party_unity_participation_rate":0.9879227053140096},"geometry":null},{"type":"Feature","properties":{"statedistrict":"NC12","state":"NC","district":12,"bioguide_id":"A000370","official_name":"Alma S. Adams","party":"D","party_unity_opportunities":414.0,"party_unity_votes_cast":414.0,"party_unity_not_voting":0.0,"with_own_party_unity":413.0,"against_own_party_unity":1.0,"party_unity_rate":0.997584541062802,"party_opposition_rate":0.002415458937198,"party_unity_participation_rate":1.0},"geometry":null},{"type":"Feature","properties":{"statedistrict":"IL08","state":"IL","district":8,"bioguide_id":"K000391","official_name":"Raja Krishnamoorthi","party":"D","party_unity_opportunities":414.0,"party_unity_votes_cast":403.0,"party_unity_not_voting":11.0,"with_own_party_unity":396.0,"against_own_party_unity":7.0,"party_unity_rate":0.9826302729528535,"party_opposition_rate":0.0173697270471464,"party_unity_participation_rate":0.9734299516908212},"geometry":null},{"type":"Feature","properties":{"statedistrict":"OK05","state":"OK","district":5,"bioguide_id":"B000740","official_name":"Stephanie I. Bice","party":"R","party_unity_opportunities":414.0,"party_unity_votes_cast":410.0,"party_unity_not_voting":4.0,"with_own_party_unity":409.0,"against_own_party_unity":1.0,"party_unity_rate":0.997560975609756,"party_opposition_rate":0.0024390243902439,"party_unity_participation_rate":0.9903381642512076},"geometry":null},{"type":"Feature","properties":{"statedistrict":"CT02","state":"CT","district":2,"bioguide_id":"C001069","official_name":"Joe Courtney","party":"D","party_unity_opportunities":414.0,"party_unity_votes_cast":389.0,"party_unity_not_voting":24.0,"with_own_party_unity":374.0,"against_own_party_unity":15.0,"party_unity_rate":0.961439588688946,"party_opposition_rate":0.0385604113110539,"party_unity_participation_rate":0.9396135265700484},"geometry":null},{"type":"Feature","properties":{"statedistrict":"MD04","state":"MD","district":4,"bioguide_id":"I000058","official_name":"Glenn Ivey","party":"D","party_unity_opportunities":414.0,"party_unity_votes_cast":407.0,"party_unity_not_voting":7.0,"with_own_party_unity":405.0,"against_own_party_unity":2.0,"party_unity_rate":0.995085995085995,"party_opposition_rate":0.0049140049140049,"party_unity_participation_rate":0.9830917874396136},"geometry":null},{"type":"Feature","properties":{"statedistrict":"NC05","state":"NC","district":5,"bioguide_id":"F000450","official_name":"Virginia Foxx","party":"R","party_unity_opportunities":414.0,"party_unity_votes_cast":411.0,"party_unity_not_voting":3.0,"with_own_party_unity":410.0,"against_own_party_unity":1.0,"party_unity_rate":0.9975669099756692,"party_opposition_rate":0.0024330900243309,"party_unity_participation_rate":0.9927536231884058},"geometry":null},{"type":"Feature","properties":{"statedistrict":"IA04","state":"IA","district":4,"bioguide_id":"F000446","official_name":"Randy Feenstra","party":"R","party_unity_opportunities":414.0,"party_unity_votes_cast":408.0,"party_unity_not_voting":6.0,"with_own_party_unity":408.0,"against_own_party_unity":0.0,"party_unity_rate":1.0,"party_opposition_rate":0.0,"party_unity_participation_rate":0.9855072463768116},"geometry":null},{"type":"Feature","properties":{"statedistrict":"AZ02","state":"AZ","district":2,"bioguide_id":"C001132","official_name":"Elijah Crane","party":"R","party_unity_opportunities":414.0,"party_unity_votes_cast":409.0,"party_unity_not_voting":5.0,"with_own_party_unity":399.0,"against_own_party_unity":10.0,"party_unity_rate":0.9755501222493888,"party_opposition_rate":0.0244498777506112,"party_unity_participation_rate":0.9879227053140096},"geometry":null},{"type":"Feature","properties":{"statedistrict":"GA12","state":"GA","district":12,"bioguide_id":"A000372","official_name":"Rick W. Allen","party":"R","party_unity_opportunities":414.0,"party_unity_votes_cast":410.0,"party_unity_not_voting":4.0,"with_own_party_unity":410.0,"against_own_party_unity":0.0,"party_unity_rate":1.0,"party_opposition_rate":0.0,"party_unity_participation_rate":0.9903381642512076},"geometry":null},{"type":"Feature","properties":{"statedistrict":"CA13","state":"CA","district":13,"bioguide_id":"G000605","official_name":"Adam Gray","party":"D","party_unity_opportunities":414.0,"party_unity_votes_cast":393.0,"party_unity_not_voting":20.0,"with_own_party_unity":297.0,"against_own_party_unity":96.0,"party_unity_rate":0.7557251908396947,"party_opposition_rate":0.2442748091603053,"party_unity_participation_rate":0.9492753623188406},"geometry":null},{"type":"Feature","properties":{"statedistrict":"MO03","state":"MO","district":3,"bioguide_id":"O000177","official_name":"Robert F. Onder, Jr.","party":"R","party_unity_opportunities":414.0,"party_unity_votes_cast":406.0,"party_unity_not_voting":8.0,"with_own_party_unity":403.0,"against_own_party_unity":3.0,"party_unity_rate":0.9926108374384236,"party_opposition_rate":0.0073891625615763,"party_unity_participation_rate":0.9806763285024156},"geometry":null},{"type":"Feature","properties":{"statedistrict":"OK03","state":"OK","district":3,"bioguide_id":"L000491","official_name":"Frank D. Lucas","party":"R","party_unity_opportunities":414.0,"party_unity_votes_cast":406.0,"party_unity_not_voting":8.0,"with_own_party_unity":406.0,"against_own_party_unity":0.0,"party_unity_rate":1.0,"party_opposition_rate":0.0,"party_unity_participation_rate":0.9806763285024156},"geometry":null},{"type":"Feature","properties":{"statedistrict":"WV02","state":"WV","district":2,"bioguide_id":"M001235","official_name":"Riley M. Moore","party":"R","party_unity_opportunities":414.0,"party_unity_votes_cast":408.0,"party_unity_not_voting":6.0,"with_own_party_unity":404.0,"against_own_party_unity":4.0,"party_unity_rate":0.9901960784313726,"party_opposition_rate":0.0098039215686274,"party_unity_participation_rate":0.9855072463768116},"geometry":null},{"type":"Feature","properties":{"statedistrict":"AL04","state":"AL","district":4,"bioguide_id":"A000055","official_name":"Robert B. Aderholt","party":"R","party_unity_opportunities":414.0,"party_unity_votes_cast":409.0,"party_unity_not_voting":5.0,"with_own_party_unity":408.0,"against_own_party_unity":1.0,"party_unity_rate":0.9975550122249388,"party_opposition_rate":0.0024449877750611,"party_unity_participation_rate":0.9879227053140096},"geometry":null},{"type":"Feature","properties":{"statedistrict":"FL13","state":"FL","district":13,"bioguide_id":"L000596","official_name":"Anna Paulina Luna","party":"R","party_unity_opportunities":414.0,"party_unity_votes_cast":373.0,"party_unity_not_voting":41.0,"with_own_party_unity":361.0,"against_own_party_unity":12.0,"party_unity_rate":0.967828418230563,"party_opposition_rate":0.032171581769437,"party_unity_participation_rate":0.9009661835748792},"geometry":null},{"type":"Feature","properties":{"statedistrict":"AL03","state":"AL","district":3,"bioguide_id":"R000575","official_name":"Mike Rogers","party":"R","party_unity_opportunities":414.0,"party_unity_votes_cast":407.0,"party_unity_not_voting":7.0,"with_own_party_unity":407.0,"against_own_party_unity":0.0,"party_unity_rate":1.0,"party_opposition_rate":0.0,"party_unity_participation_rate":0.9830917874396136},"geometry":null},{"type":"Feature","properties":{"statedistrict":"MI04","state":"MI","district":4,"bioguide_id":"H001058","official_name":"Bill Huizenga","party":"R","party_unity_opportunities":414.0,"party_unity_votes_cast":409.0,"party_unity_not_voting":5.0,"with_own_party_unity":409.0,"against_own_party_unity":0.0,"party_unity_rate":1.0,"party_opposition_rate":0.0,"party_unity_participation_rate":0.9879227053140096},"geometry":null},{"type":"Feature","properties":{"statedistrict":"VT00","state":"VT","district":0,"bioguide_id":"B001318","official_name":"Becca Balint","party":"D","party_unity_opportunities":414.0,"party_unity_votes_cast":413.0,"party_unity_not_voting":1.0,"with_own_party_unity":413.0,"against_own_party_unity":0.0,"party_unity_rate":1.0,"party_opposition_rate":0.0,"party_unity_participation_rate":0.997584541062802},"geometry":null},{"type":"Feature","properties":{"statedistrict":"CO01","state":"CO","district":1,"bioguide_id":"D000197","official_name":"Diana DeGette","party":"D","party_unity_opportunities":414.0,"party_unity_votes_cast":407.0,"party_unity_not_voting":7.0,"with_own_party_unity":405.0,"against_own_party_unity":2.0,"party_unity_rate":0.995085995085995,"party_opposition_rate":0.0049140049140049,"party_unity_participation_rate":0.9830917874396136},"geometry":null},{"type":"Feature","properties":{"statedistrict":"FL01","state":"FL","district":1,"bioguide_id":"P000622","official_name":"Jimmy Patronis","party":"R","party_unity_opportunities":363.0,"party_unity_votes_cast":363.0,"party_unity_not_voting":0.0,"with_own_party_unity":361.0,"against_own_party_unity":2.0,"party_unity_rate":0.9944903581267218,"party_opposition_rate":0.0055096418732782,"party_unity_participation_rate":1.0},"geometry":null},{"type":"Feature","properties":{"statedistrict":"KY01","state":"KY","district":1,"bioguide_id":"C001108","official_name":"James Comer","party":"R","party_unity_opportunities":414.0,"party_unity_votes_cast":406.0,"party_unity_not_voting":8.0,"with_own_party_unity":404.0,"against_own_party_unity":2.0,"party_unity_rate":0.9950738916256158,"party_opposition_rate":0.0049261083743842,"party_unity_participation_rate":0.9806763285024156},"geometry":null},{"type":"Feature","properties":{"statedistrict":"MD01","state":"MD","district":1,"bioguide_id":"H001052","official_name":"Andy Harris","party":"R","party_unity_opportunities":414.0,"party_unity_votes_cast":404.0,"party_unity_not_voting":9.0,"with_own_party_unity":391.0,"against_own_party_unity":13.0,"party_unity_rate":0.9678217821782178,"party_opposition_rate":0.0321782178217821,"party_unity_participation_rate":0.9758454106280192},"geometry":null},{"type":"Feature","properties":{"statedistrict":"NE03","state":"NE","district":3,"bioguide_id":"S001172","official_name":"Adrian Smith","party":"R","party_unity_opportunities":414.0,"party_unity_votes_cast":410.0,"party_unity_not_voting":4.0,"with_own_party_unity":409.0,"against_own_party_unity":1.0,"party_unity_rate":0.997560975609756,"party_opposition_rate":0.0024390243902439,"party_unity_participation_rate":0.9903381642512076},"geometry":null},{"type":"Feature","properties":{"statedistrict":"PA10","state":"PA","district":10,"bioguide_id":"P000605","official_name":"Scott Perry","party":"R","party_unity_opportunities":414.0,"party_unity_votes_cast":408.0,"party_unity_not_voting":6.0,"with_own_party_unity":398.0,"against_own_party_unity":10.0,"party_unity_rate":0.9754901960784312,"party_opposition_rate":0.0245098039215686,"party_unity_participation_rate":0.9855072463768116},"geometry":null},{"type":"Feature","properties":{"statedistrict":"VA10","state":"VA","district":10,"bioguide_id":"S001230","official_name":"Suhas Subramanyam","party":"D","party_unity_opportunities":414.0,"party_unity_votes_cast":410.0,"party_unity_not_voting":1.0,"with_own_party_unity":396.0,"against_own_party_unity":14.0,"party_unity_rate":0.9658536585365852,"party_opposition_rate":0.0341463414634146,"party_unity_participation_rate":0.9903381642512076},"geometry":null},{"type":"Feature","properties":{"statedistrict":"TX03","state":"TX","district":3,"bioguide_id":"S001224","official_name":"Keith Self","party":"R","party_unity_opportunities":414.0,"party_unity_votes_cast":406.0,"party_unity_not_voting":8.0,"with_own_party_unity":393.0,"against_own_party_unity":13.0,"party_unity_rate":0.9679802955665024,"party_opposition_rate":0.0320197044334975,"party_unity_participation_rate":0.9806763285024156},"geometry":null},{"type":"Feature","properties":{"statedistrict":"OK01","state":"OK","district":1,"bioguide_id":"H001082","official_name":"Kevin Hern","party":"R","party_unity_opportunities":414.0,"party_unity_votes_cast":407.0,"party_unity_not_voting":7.0,"with_own_party_unity":406.0,"against_own_party_unity":1.0,"party_unity_rate":0.9975429975429976,"party_opposition_rate":0.0024570024570024,"party_unity_participation_rate":0.9830917874396136},"geometry":null},{"type":"Feature","properties":{"statedistrict":"IA03","state":"IA","district":3,"bioguide_id":"N000193","official_name":"Zachary Nunn","party":"R","party_unity_opportunities":414.0,"party_unity_votes_cast":404.0,"party_unity_not_voting":9.0,"with_own_party_unity":396.0,"against_own_party_unity":8.0,"party_unity_rate":0.9801980198019802,"party_opposition_rate":0.0198019801980198,"party_unity_participation_rate":0.9758454106280192},"geometry":null},{"type":"Feature","properties":{"statedistrict":"GA14","state":"GA","district":14,"bioguide_id":"F000485","official_name":"Clay Fuller","party":"R","party_unity_opportunities":112.0,"party_unity_votes_cast":112.0,"party_unity_not_voting":0.0,"with_own_party_unity":111.0,"against_own_party_unity":1.0,"party_unity_rate":0.9910714285714286,"party_opposition_rate":0.0089285714285714,"party_unity_participation_rate":1.0},"geometry":null},{"type":"Feature","properties":{"statedistrict":"WI02","state":"WI","district":2,"bioguide_id":"P000607","official_name":"Mark Pocan","party":"D","party_unity_opportunities":414.0,"party_unity_votes_cast":412.0,"party_unity_not_voting":2.0,"with_own_party_unity":411.0,"against_own_party_unity":1.0,"party_unity_rate":0.9975728155339806,"party_opposition_rate":0.0024271844660194,"party_unity_participation_rate":0.9951690821256038},"geometry":null},{"type":"Feature","properties":{"statedistrict":"MA08","state":"MA","district":8,"bioguide_id":"L000562","official_name":"Stephen F. Lynch","party":"D","party_unity_opportunities":414.0,"party_unity_votes_cast":400.0,"party_unity_not_voting":14.0,"with_own_party_unity":382.0,"against_own_party_unity":18.0,"party_unity_rate":0.955,"party_opposition_rate":0.045,"party_unity_participation_rate":0.966183574879227},"geometry":null},{"type":"Feature","properties":{"statedistrict":"OH09","state":"OH","district":9,"bioguide_id":"K000009","official_name":"Marcy Kaptur","party":"D","party_unity_opportunities":414.0,"party_unity_votes_cast":392.0,"party_unity_not_voting":16.0,"with_own_party_unity":347.0,"against_own_party_unity":45.0,"party_unity_rate":0.8852040816326531,"party_opposition_rate":0.1147959183673469,"party_unity_participation_rate":0.9468599033816424},"geometry":null},{"type":"Feature","properties":{"statedistrict":"TN02","state":"TN","district":2,"bioguide_id":"B001309","official_name":"Tim Burchett","party":"R","party_unity_opportunities":414.0,"party_unity_votes_cast":410.0,"party_unity_not_voting":4.0,"with_own_party_unity":396.0,"against_own_party_unity":14.0,"party_unity_rate":0.9658536585365852,"party_opposition_rate":0.0341463414634146,"party_unity_participation_rate":0.9903381642512076},"geometry":null},{"type":"Feature","properties":{"statedistrict":"NY03","state":"NY","district":3,"bioguide_id":"S001201","official_name":"Thomas R. Suozzi","party":"D","party_unity_opportunities":414.0,"party_unity_votes_cast":408.0,"party_unity_not_voting":6.0,"with_own_party_unity":345.0,"against_own_party_unity":63.0,"party_unity_rate":0.8455882352941176,"party_opposition_rate":0.1544117647058823,"party_unity_participation_rate":0.9855072463768116},"geometry":null},{"type":"Feature","properties":{"statedistrict":"NC04","state":"NC","district":4,"bioguide_id":"F000477","official_name":"Valerie P. Foushee","party":"D","party_unity_opportunities":414.0,"party_unity_votes_cast":403.0,"party_unity_not_voting":11.0,"with_own_party_unity":403.0,"against_own_party_unity":0.0,"party_unity_rate":1.0,"party_opposition_rate":0.0,"party_unity_participation_rate":0.9734299516908212},"geometry":null},{"type":"Feature","properties":{"statedistrict":"NV01","state":"NV","district":1,"bioguide_id":"T000468","official_name":"Dina Titus","party":"D","party_unity_opportunities":414.0,"party_unity_votes_cast":386.0,"party_unity_not_voting":27.0,"with_own_party_unity":370.0,"against_own_party_unity":16.0,"party_unity_rate":0.9585492227979274,"party_opposition_rate":0.0414507772020725,"party_unity_participation_rate":0.932367149758454},"geometry":null},{"type":"Feature","properties":{"statedistrict":"PA12","state":"PA","district":12,"bioguide_id":"L000602","official_name":"Summer L. Lee","party":"D","party_unity_opportunities":414.0,"party_unity_votes_cast":414.0,"party_unity_not_voting":0.0,"with_own_party_unity":414.0,"against_own_party_unity":0.0,"party_unity_rate":1.0,"party_opposition_rate":0.0,"party_unity_participation_rate":1.0},"geometry":null},{"type":"Feature","properties":{"statedistrict":"TX09","state":"TX","district":9,"bioguide_id":"G000553","official_name":"Al Green","party":"D","party_unity_opportunities":414.0,"party_unity_votes_cast":408.0,"party_unity_not_voting":4.0,"with_own_party_unity":408.0,"against_own_party_unity":0.0,"party_unity_rate":1.0,"party_opposition_rate":0.0,"party_unity_participation_rate":0.9855072463768116},"geometry":null},{"type":"Feature","properties":{"statedistrict":"CA18","state":"CA","district":18,"bioguide_id":"L000397","official_name":"Zoe Lofgren","party":"D","party_unity_opportunities":414.0,"party_unity_votes_cast":407.0,"party_unity_not_voting":5.0,"with_own_party_unity":401.0,"against_own_party_unity":6.0,"party_unity_rate":0.9852579852579852,"party_opposition_rate":0.0147420147420147,"party_unity_participation_rate":0.9830917874396136},"geometry":null},{"type":"Feature","properties":{"statedistrict":"IL16","state":"IL","district":16,"bioguide_id":"L000585","official_name":"Darin LaHood","party":"R","party_unity_opportunities":414.0,"party_unity_votes_cast":400.0,"party_unity_not_voting":14.0,"with_own_party_unity":398.0,"against_own_party_unity":2.0,"party_unity_rate":0.995,"party_opposition_rate":0.005,"party_unity_participation_rate":0.966183574879227},"geometry":null},{"type":"Feature","properties":{"statedistrict":"GA08","state":"GA","district":8,"bioguide_id":"S001189","official_name":"Austin Scott","party":"R","party_unity_opportunities":414.0,"party_unity_votes_cast":412.0,"party_unity_not_voting":2.0,"with_own_party_unity":411.0,"against_own_party_unity":1.0,"party_unity_rate":0.9975728155339806,"party_opposition_rate":0.0024271844660194,"party_unity_participation_rate":0.9951690821256038},"geometry":null},{"type":"Feature","properties":{"statedistrict":"AZ08","state":"AZ","district":8,"bioguide_id":"H001098","official_name":"Abraham J. Hamadeh","party":"R","party_unity_opportunities":414.0,"party_unity_votes_cast":412.0,"party_unity_not_voting":2.0,"with_own_party_unity":410.0,"against_own_party_unity":2.0,"party_unity_rate":0.9951456310679612,"party_opposition_rate":0.0048543689320388,"party_unity_participation_rate":0.9951690821256038},"geometry":null},{"type":"Feature","properties":{"statedistrict":"GA06","state":"GA","district":6,"bioguide_id":"M001208","official_name":"Lucy McBath","party":"D","party_unity_opportunities":414.0,"party_unity_votes_cast":391.0,"party_unity_not_voting":21.0,"with_own_party_unity":376.0,"against_own_party_unity":15.0,"party_unity_rate":0.9616368286445012,"party_opposition_rate":0.0383631713554987,"party_unity_participation_rate":0.9444444444444444},"geometry":null},{"type":"Feature","properties":{"statedistrict":"NM01","state":"NM","district":1,"bioguide_id":"S001218","official_name":"Melanie A. Stansbury","party":"D","party_unity_opportunities":414.0,"party_unity_votes_cast":406.0,"party_unity_not_voting":8.0,"with_own_party_unity":404.0,"against_own_party_unity":2.0,"party_unity_rate":0.9950738916256158,"party_opposition_rate":0.0049261083743842,"party_unity_participation_rate":0.9806763285024156},"geometry":null},{"type":"Feature","properties":{"statedistrict":"CA29","state":"CA","district":29,"bioguide_id":"R000620","official_name":"Luz M. Rivas","party":"D","party_unity_opportunities":414.0,"party_unity_votes_cast":411.0,"party_unity_not_voting":3.0,"with_own_party_unity":410.0,"against_own_party_unity":1.0,"party_unity_rate":0.9975669099756692,"party_opposition_rate":0.0024330900243309,"party_unity_participation_rate":0.9927536231884058},"geometry":null},{"type":"Feature","properties":{"statedistrict":"IL06","state":"IL","district":6,"bioguide_id":"C001117","official_name":"Sean Casten","party":"D","party_unity_opportunities":414.0,"party_unity_votes_cast":410.0,"party_unity_not_voting":2.0,"with_own_party_unity":406.0,"against_own_party_unity":4.0,"party_unity_rate":0.9902439024390244,"party_opposition_rate":0.0097560975609756,"party_unity_participation_rate":0.9903381642512076},"geometry":null},{"type":"Feature","properties":{"statedistrict":"MN03","state":"MN","district":3,"bioguide_id":"M001234","official_name":"Kelly Morrison","party":"D","party_unity_opportunities":414.0,"party_unity_votes_cast":413.0,"party_unity_not_voting":1.0,"with_own_party_unity":406.0,"against_own_party_unity":7.0,"party_unity_rate":0.9830508474576272,"party_opposition_rate":0.0169491525423728,"party_unity_participation_rate":0.997584541062802},"geometry":null},{"type":"Feature","properties":{"statedistrict":"MI13","state":"MI","district":13,"bioguide_id":"T000488","official_name":"Shri Thanedar","party":"D","party_unity_opportunities":414.0,"party_unity_votes_cast":411.0,"party_unity_not_voting":3.0,"with_own_party_unity":398.0,"against_own_party_unity":13.0,"party_unity_rate":0.9683698296836984,"party_opposition_rate":0.0316301703163017,"party_unity_participation_rate":0.9927536231884058},"geometry":null},{"type":"Feature","properties":{"statedistrict":"CA50","state":"CA","district":50,"bioguide_id":"P000608","official_name":"Scott H. Peters","party":"D","party_unity_opportunities":414.0,"party_unity_votes_cast":410.0,"party_unity_not_voting":3.0,"with_own_party_unity":387.0,"against_own_party_unity":23.0,"party_unity_rate":0.9439024390243902,"party_opposition_rate":0.0560975609756097,"party_unity_participation_rate":0.9903381642512076},"geometry":null},{"type":"Feature","properties":{"statedistrict":"CA52","state":"CA","district":52,"bioguide_id":"V000130","official_name":"Juan Vargas","party":"D","party_unity_opportunities":414.0,"party_unity_votes_cast":409.0,"party_unity_not_voting":5.0,"with_own_party_unity":404.0,"against_own_party_unity":5.0,"party_unity_rate":0.9877750611246944,"party_opposition_rate":0.0122249388753056,"party_unity_participation_rate":0.9879227053140096},"geometry":null},{"type":"Feature","properties":{"statedistrict":"NY07","state":"NY","district":7,"bioguide_id":"V000081","official_name":"Nydia M. Velázquez","party":"D","party_unity_opportunities":414.0,"party_unity_votes_cast":394.0,"party_unity_not_voting":20.0,"with_own_party_unity":394.0,"against_own_party_unity":0.0,"party_unity_rate":1.0,"party_opposition_rate":0.0,"party_unity_participation_rate":0.9516908212560388},"geometry":null},{"type":"Feature","properties":{"statedistrict":"AR01","state":"AR","district":1,"bioguide_id":"C001087","official_name":"Eric A. \"Rick\" Crawford","party":"R","party_unity_opportunities":414.0,"party_unity_votes_cast":409.0,"party_unity_not_voting":5.0,"with_own_party_unity":408.0,"against_own_party_unity":1.0,"party_unity_rate":0.9975550122249388,"party_opposition_rate":0.0024449877750611,"party_unity_participation_rate":0.9879227053140096},"geometry":null},{"type":"Feature","properties":{"statedistrict":"NC03","state":"NC","district":3,"bioguide_id":"M001210","official_name":"Gregory F. Murphy","party":"R","party_unity_opportunities":414.0,"party_unity_votes_cast":352.0,"party_unity_not_voting":62.0,"with_own_party_unity":351.0,"against_own_party_unity":1.0,"party_unity_rate":0.9971590909090908,"party_opposition_rate":0.002840909090909,"party_unity_participation_rate":0.8502415458937198},"geometry":null},{"type":"Feature","properties":{"statedistrict":"CA09","state":"CA","district":9,"bioguide_id":"H001090","official_name":"Josh Harder","party":"D","party_unity_opportunities":414.0,"party_unity_votes_cast":411.0,"party_unity_not_voting":3.0,"with_own_party_unity":378.0,"against_own_party_unity":33.0,"party_unity_rate":0.9197080291970804,"party_opposition_rate":0.0802919708029197,"party_unity_participation_rate":0.9927536231884058},"geometry":null},{"type":"Feature","properties":{"statedistrict":"CA02","state":"CA","district":2,"bioguide_id":"H001068","official_name":"Jared Huffman","party":"D","party_unity_opportunities":414.0,"party_unity_votes_cast":411.0,"party_unity_not_voting":3.0,"with_own_party_unity":410.0,"against_own_party_unity":1.0,"party_unity_rate":0.9975669099756692,"party_opposition_rate":0.0024330900243309,"party_unity_participation_rate":0.9927536231884058},"geometry":null},{"type":"Feature","properties":{"statedistrict":"IL17","state":"IL","district":17,"bioguide_id":"S001225","official_name":"Eric Sorensen","party":"D","party_unity_opportunities":414.0,"party_unity_votes_cast":413.0,"party_unity_not_voting":1.0,"with_own_party_unity":377.0,"against_own_party_unity":36.0,"party_unity_rate":0.9128329297820824,"party_opposition_rate":0.0871670702179176,"party_unity_participation_rate":0.997584541062802},"geometry":null},{"type":"Feature","properties":{"statedistrict":"MT02","state":"MT","district":2,"bioguide_id":"D000634","official_name":"Troy Downing","party":"R","party_unity_opportunities":414.0,"party_unity_votes_cast":413.0,"party_unity_not_voting":1.0,"with_own_party_unity":410.0,"against_own_party_unity":3.0,"party_unity_rate":0.9927360774818402,"party_opposition_rate":0.0072639225181598,"party_unity_participation_rate":0.997584541062802},"geometry":null},{"type":"Feature","properties":{"statedistrict":"MA06","state":"MA","district":6,"bioguide_id":"M001196","official_name":"Seth Moulton","party":"D","party_unity_opportunities":414.0,"party_unity_votes_cast":360.0,"party_unity_not_voting":54.0,"with_own_party_unity":351.0,"against_own_party_unity":9.0,"party_unity_rate":0.975,"party_opposition_rate":0.025,"party_unity_participation_rate":0.8695652173913043},"geometry":null},{"type":"Feature","properties":{"statedistrict":"PA03","state":"PA","district":3,"bioguide_id":"E000296","official_name":"Dwight Evans","party":"D","party_unity_opportunities":414.0,"party_unity_votes_cast":393.0,"party_unity_not_voting":21.0,"with_own_party_unity":392.0,"against_own_party_unity":1.0,"party_unity_rate":0.9974554707379136,"party_opposition_rate":0.0025445292620865,"party_unity_participation_rate":0.9492753623188406},"geometry":null},{"type":"Feature","properties":{"statedistrict":"CA45","state":"CA","district":45,"bioguide_id":"T000491","official_name":"Derek Tran","party":"D","party_unity_opportunities":414.0,"party_unity_votes_cast":411.0,"party_unity_not_voting":0.0,"with_own_party_unity":374.0,"against_own_party_unity":37.0,"party_unity_rate":0.9099756690997568,"party_opposition_rate":0.0900243309002433,"party_unity_participation_rate":0.9927536231884058},"geometry":null},{"type":"Feature","properties":{"statedistrict":"CA14","state":"CA","district":14,"bioguide_id":"W000832","official_name":"Aisha Wahab","party":"D","party_unity_opportunities":11.0,"party_unity_votes_cast":11.0,"party_unity_not_voting":0.0,"with_own_party_unity":11.0,"against_own_party_unity":0.0,"party_unity_rate":1.0,"party_opposition_rate":0.0,"party_unity_participation_rate":1.0},"geometry":null},{"type":"Feature","properties":{"statedistrict":"GA10","state":"GA","district":10,"bioguide_id":"C001129","official_name":"Mike Collins","party":"R","party_unity_opportunities":414.0,"party_unity_votes_cast":411.0,"party_unity_not_voting":3.0,"with_own_party_unity":411.0,"against_own_party_unity":0.0,"party_unity_rate":1.0,"party_opposition_rate":0.0,"party_unity_participation_rate":0.9927536231884058},"geometry":null},{"type":"Feature","properties":{"statedistrict":"IL12","state":"IL","district":12,"bioguide_id":"B001295","official_name":"Mike Bost","party":"R","party_unity_opportunities":414.0,"party_unity_votes_cast":411.0,"party_unity_not_voting":3.0,"with_own_party_unity":408.0,"against_own_party_unity":3.0,"party_unity_rate":0.9927007299270072,"party_opposition_rate":0.0072992700729927,"party_unity_participation_rate":0.9927536231884058},"geometry":null},{"type":"Feature","properties":{"statedistrict":"CA20","state":"CA","district":20,"bioguide_id":"F000480","official_name":"Vince Fong","party":"R","party_unity_opportunities":414.0,"party_unity_votes_cast":406.0,"party_unity_not_voting":8.0,"with_own_party_unity":405.0,"against_own_party_unity":1.0,"party_unity_rate":0.9975369458128078,"party_opposition_rate":0.0024630541871921,"party_unity_participation_rate":0.9806763285024156},"geometry":null},{"type":"Feature","properties":{"statedistrict":"TX04","state":"TX","district":4,"bioguide_id":"F000246","official_name":"Pat Fallon","party":"R","party_unity_opportunities":414.0,"party_unity_votes_cast":412.0,"party_unity_not_voting":2.0,"with_own_party_unity":411.0,"against_own_party_unity":1.0,"party_unity_rate":0.9975728155339806,"party_opposition_rate":0.0024271844660194,"party_unity_participation_rate":0.9951690821256038},"geometry":null},{"type":"Feature","properties":{"statedistrict":"TN07","state":"TN","district":7,"bioguide_id":"V000139","official_name":"Matt Van Epps","party":"R","party_unity_opportunities":230.0,"party_unity_votes_cast":230.0,"party_unity_not_voting":0.0,"with_own_party_unity":229.0,"against_own_party_unity":1.0,"party_unity_rate":0.9956521739130436,"party_opposition_rate":0.0043478260869565,"party_unity_participation_rate":1.0},"geometry":null},{"type":"Feature","properties":{"statedistrict":"CA34","state":"CA","district":34,"bioguide_id":"G000585","official_name":"Jimmy Gomez","party":"D","party_unity_opportunities":414.0,"party_unity_votes_cast":395.0,"party_unity_not_voting":19.0,"with_own_party_unity":390.0,"against_own_party_unity":5.0,"party_unity_rate":0.9873417721518988,"party_opposition_rate":0.0126582278481012,"party_unity_participation_rate":0.9541062801932368},"geometry":null},{"type":"Feature","properties":{"statedistrict":"CA23","state":"CA","district":23,"bioguide_id":"O000019","official_name":"Jay Obernolte","party":"R","party_unity_opportunities":414.0,"party_unity_votes_cast":402.0,"party_unity_not_voting":11.0,"with_own_party_unity":398.0,"against_own_party_unity":4.0,"party_unity_rate":0.9900497512437813,"party_opposition_rate":0.0099502487562189,"party_unity_participation_rate":0.9710144927536232},"geometry":null},{"type":"Feature","properties":{"statedistrict":"CA11","state":"CA","district":11,"bioguide_id":"P000197","official_name":"Nancy Pelosi","party":"D","party_unity_opportunities":414.0,"party_unity_votes_cast":390.0,"party_unity_not_voting":22.0,"with_own_party_unity":386.0,"against_own_party_unity":4.0,"party_unity_rate":0.9897435897435898,"party_opposition_rate":0.0102564102564102,"party_unity_participation_rate":0.9420289855072465},"geometry":null},{"type":"Feature","properties":{"statedistrict":"OH08","state":"OH","district":8,"bioguide_id":"D000626","official_name":"Warren Davidson","party":"R","party_unity_opportunities":414.0,"party_unity_votes_cast":408.0,"party_unity_not_voting":4.0,"with_own_party_unity":396.0,"against_own_party_unity":12.0,"party_unity_rate":0.9705882352941176,"party_opposition_rate":0.0294117647058823,"party_unity_participation_rate":0.9855072463768116},"geometry":null},{"type":"Feature","properties":{"statedistrict":"WA01","state":"WA","district":1,"bioguide_id":"D000617","official_name":"Suzan K. DelBene","party":"D","party_unity_opportunities":414.0,"party_unity_votes_cast":407.0,"party_unity_not_voting":5.0,"with_own_party_unity":402.0,"against_own_party_unity":5.0,"party_unity_rate":0.9877149877149876,"party_opposition_rate":0.0122850122850122,"party_unity_participation_rate":0.9830917874396136},"geometry":null},{"type":"Feature","properties":{"statedistrict":"MS01","state":"MS","district":1,"bioguide_id":"K000388","official_name":"Trent Kelly","party":"R","party_unity_opportunities":414.0,"party_unity_votes_cast":410.0,"party_unity_not_voting":4.0,"with_own_party_unity":410.0,"against_own_party_unity":0.0,"party_unity_rate":1.0,"party_opposition_rate":0.0,"party_unity_participation_rate":0.9903381642512076},"geometry":null},{"type":"Feature","properties":{"statedistrict":"MA03","state":"MA","district":3,"bioguide_id":"T000482","official_name":"Lori Trahan","party":"D","party_unity_opportunities":414.0,"party_unity_votes_cast":398.0,"party_unity_not_voting":16.0,"with_own_party_unity":391.0,"against_own_party_unity":7.0,"party_unity_rate":0.9824120603015076,"party_opposition_rate":0.0175879396984924,"party_unity_participation_rate":0.961352657004831},"geometry":null},{"type":"Feature","properties":{"statedistrict":"NJ05","state":"NJ","district":5,"bioguide_id":"G000583","official_name":"Josh Gottheimer","party":"D","party_unity_opportunities":414.0,"party_unity_votes_cast":370.0,"party_unity_not_voting":44.0,"with_own_party_unity":320.0,"against_own_party_unity":50.0,"party_unity_rate":0.8648648648648649,"party_opposition_rate":0.1351351351351351,"party_unity_participation_rate":0.893719806763285},"geometry":null},{"type":"Feature","properties":{"statedistrict":"WA07","state":"WA","district":7,"bioguide_id":"J000298","official_name":"Pramila Jayapal","party":"D","party_unity_opportunities":414.0,"party_unity_votes_cast":385.0,"party_unity_not_voting":29.0,"with_own_party_unity":384.0,"against_own_party_unity":1.0,"party_unity_rate":0.9974025974025974,"party_opposition_rate":0.0025974025974025,"party_unity_participation_rate":0.929951690821256},"geometry":null},{"type":"Feature","properties":{"statedistrict":"CA06","state":"CA","district":6,"bioguide_id":"B001287","official_name":"Ami Bera","party":"D","party_unity_opportunities":414.0,"party_unity_votes_cast":407.0,"party_unity_not_voting":6.0,"with_own_party_unity":393.0,"against_own_party_unity":14.0,"party_unity_rate":0.9656019656019657,"party_opposition_rate":0.0343980343980344,"party_unity_participation_rate":0.9830917874396136},"geometry":null},{"type":"Feature","properties":{"statedistrict":"OR06","state":"OR","district":6,"bioguide_id":"S001226","official_name":"Andrea Salinas","party":"D","party_unity_opportunities":414.0,"party_unity_votes_cast":414.0,"party_unity_not_voting":0.0,"with_own_party_unity":404.0,"against_own_party_unity":10.0,"party_unity_rate":0.9758454106280192,"party_opposition_rate":0.0241545893719806,"party_unity_participation_rate":1.0},"geometry":null},{"type":"Feature","properties":{"statedistrict":"UT01","state":"UT","district":1,"bioguide_id":"M001213","official_name":"Blake D. Moore","party":"R","party_unity_opportunities":414.0,"party_unity_votes_cast":413.0,"party_unity_not_voting":1.0,"with_own_party_unity":411.0,"against_own_party_unity":2.0,"party_unity_rate":0.9951573849878934,"party_opposition_rate":0.0048426150121065,"party_unity_participation_rate":0.997584541062802},"geometry":null},{"type":"Feature","properties":{"statedistrict":"MI10","state":"MI","district":10,"bioguide_id":"J000307","official_name":"John James","party":"R","party_unity_opportunities":414.0,"party_unity_votes_cast":398.0,"party_unity_not_voting":16.0,"with_own_party_unity":398.0,"against_own_party_unity":0.0,"party_unity_rate":1.0,"party_opposition_rate":0.0,"party_unity_participation_rate":0.961352657004831},"geometry":null},{"type":"Feature","properties":{"statedistrict":"CA41","state":"CA","district":41,"bioguide_id":"C000059","official_name":"Ken Calvert","party":"R","party_unity_opportunities":414.0,"party_unity_votes_cast":412.0,"party_unity_not_voting":2.0,"with_own_party_unity":411.0,"against_own_party_unity":1.0,"party_unity_rate":0.9975728155339806,"party_opposition_rate":0.0024271844660194,"party_unity_participation_rate":0.9951690821256038},"geometry":null},{"type":"Feature","properties":{"statedistrict":"WI01","state":"WI","district":1,"bioguide_id":"S001213","official_name":"Bryan Steil","party":"R","party_unity_opportunities":414.0,"party_unity_votes_cast":412.0,"party_unity_not_voting":2.0,"with_own_party_unity":412.0,"against_own_party_unity":0.0,"party_unity_rate":1.0,"party_opposition_rate":0.0,"party_unity_participation_rate":0.9951690821256038},"geometry":null},{"type":"Feature","properties":{"statedistrict":"FL08","state":"FL","district":8,"bioguide_id":"H001099","official_name":"Mike Haridopolos","party":"R","party_unity_opportunities":414.0,"party_unity_votes_cast":407.0,"party_unity_not_voting":7.0,"with_own_party_unity":407.0,"against_own_party_unity":0.0,"party_unity_rate":1.0,"party_opposition_rate":0.0,"party_unity_participation_rate":0.9830917874396136},"geometry":null},{"type":"Feature","properties":{"statedistrict":"PA14","state":"PA","district":14,"bioguide_id":"R000610","official_name":"Guy Reschenthaler","party":"R","party_unity_opportunities":414.0,"party_unity_votes_cast":408.0,"party_unity_not_voting":6.0,"with_own_party_unity":408.0,"against_own_party_unity":0.0,"party_unity_rate":1.0,"party_opposition_rate":0.0,"party_unity_participation_rate":0.9855072463768116},"geometry":null},{"type":"Feature","properties":{"statedistrict":"TX02","state":"TX","district":2,"bioguide_id":"C001120","official_name":"Dan Crenshaw","party":"R","party_unity_opportunities":414.0,"party_unity_votes_cast":386.0,"party_unity_not_voting":28.0,"with_own_party_unity":386.0,"against_own_party_unity":0.0,"party_unity_rate":1.0,"party_opposition_rate":0.0,"party_unity_participation_rate":0.932367149758454},"geometry":null},{"type":"Feature","properties":{"statedistrict":"NY17","state":"NY","district":17,"bioguide_id":"L000599","official_name":"Michael Lawler","party":"R","party_unity_opportunities":414.0,"party_unity_votes_cast":405.0,"party_unity_not_voting":9.0,"with_own_party_unity":385.0,"against_own_party_unity":20.0,"party_unity_rate":0.9506172839506172,"party_opposition_rate":0.0493827160493827,"party_unity_participation_rate":0.9782608695652174},"geometry":null},{"type":"Feature","properties":{"statedistrict":"TN09","state":"TN","district":9,"bioguide_id":"C001068","official_name":"Steve Cohen","party":"D","party_unity_opportunities":414.0,"party_unity_votes_cast":400.0,"party_unity_not_voting":14.0,"with_own_party_unity":392.0,"against_own_party_unity":8.0,"party_unity_rate":0.98,"party_opposition_rate":0.02,"party_unity_participation_rate":0.966183574879227},"geometry":null},{"type":"Feature","properties":{"statedistrict":"FL07","state":"FL","district":7,"bioguide_id":"M001216","official_name":"Cory Mills","party":"R","party_unity_opportunities":414.0,"party_unity_votes_cast":390.0,"party_unity_not_voting":24.0,"with_own_party_unity":387.0,"against_own_party_unity":3.0,"party_unity_rate":0.9923076923076924,"party_opposition_rate":0.0076923076923076,"party_unity_participation_rate":0.9420289855072465},"geometry":null},{"type":"Feature","properties":{"statedistrict":"IN01","state":"IN","district":1,"bioguide_id":"M001214","official_name":"Frank J. Mrvan","party":"D","party_unity_opportunities":414.0,"party_unity_votes_cast":403.0,"party_unity_not_voting":9.0,"with_own_party_unity":367.0,"against_own_party_unity":36.0,"party_unity_rate":0.9106699751861044,"party_opposition_rate":0.0893300248138957,"party_unity_participation_rate":0.9734299516908212},"geometry":null},{"type":"Feature","properties":{"statedistrict":"IN05","state":"IN","district":5,"bioguide_id":"S000929","official_name":"Victoria Spartz","party":"R","party_unity_opportunities":414.0,"party_unity_votes_cast":398.0,"party_unity_not_voting":16.0,"with_own_party_unity":389.0,"against_own_party_unity":9.0,"party_unity_rate":0.9773869346733668,"party_opposition_rate":0.0226130653266331,"party_unity_participation_rate":0.961352657004831},"geometry":null},{"type":"Feature","properties":{"statedistrict":"ME02","state":"ME","district":2,"bioguide_id":"G000592","official_name":"Jared F. Golden","party":"D","party_unity_opportunities":414.0,"party_unity_votes_cast":402.0,"party_unity_not_voting":12.0,"with_own_party_unity":279.0,"against_own_party_unity":123.0,"party_unity_rate":0.6940298507462687,"party_opposition_rate":0.3059701492537313,"party_unity_participation_rate":0.9710144927536232},"geometry":null},{"type":"Feature","properties":{"statedistrict":"MD08","state":"MD","district":8,"bioguide_id":"R000606","official_name":"Jamie Raskin","party":"D","party_unity_opportunities":414.0,"party_unity_votes_cast":412.0,"party_unity_not_voting":2.0,"with_own_party_unity":409.0,"against_own_party_unity":3.0,"party_unity_rate":0.9927184466019418,"party_opposition_rate":0.0072815533980582,"party_unity_participation_rate":0.9951690821256038},"geometry":null},{"type":"Feature","properties":{"statedistrict":"MS02","state":"MS","district":2,"bioguide_id":"T000193","official_name":"Bennie G. Thompson","party":"D","party_unity_opportunities":414.0,"party_unity_votes_cast":401.0,"party_unity_not_voting":13.0,"with_own_party_unity":396.0,"against_own_party_unity":5.0,"party_unity_rate":0.9875311720698254,"party_opposition_rate":0.0124688279301745,"party_unity_participation_rate":0.9685990338164252},"geometry":null},{"type":"Feature","properties":{"statedistrict":"MO07","state":"MO","district":7,"bioguide_id":"B001316","official_name":"Eric Burlison","party":"R","party_unity_opportunities":414.0,"party_unity_votes_cast":405.0,"party_unity_not_voting":9.0,"with_own_party_unity":394.0,"against_own_party_unity":11.0,"party_unity_rate":0.9728395061728397,"party_opposition_rate":0.0271604938271604,"party_unity_participation_rate":0.9782608695652174},"geometry":null},{"type":"Feature","properties":{"statedistrict":"NJ03","state":"NJ","district":3,"bioguide_id":"C001136","official_name":"Herbert C. Conaway, Jr.","party":"D","party_unity_opportunities":414.0,"party_unity_votes_cast":405.0,"party_unity_not_voting":6.0,"with_own_party_unity":390.0,"against_own_party_unity":15.0,"party_unity_rate":0.9629629629629628,"party_opposition_rate":0.037037037037037,"party_unity_participation_rate":0.9782608695652174},"geometry":null},{"type":"Feature","properties":{"statedistrict":"NJ12","state":"NJ","district":12,"bioguide_id":"W000822","official_name":"Bonnie Watson Coleman","party":"D","party_unity_opportunities":414.0,"party_unity_votes_cast":409.0,"party_unity_not_voting":5.0,"with_own_party_unity":409.0,"against_own_party_unity":0.0,"party_unity_rate":1.0,"party_opposition_rate":0.0,"party_unity_participation_rate":0.9879227053140096},"geometry":null},{"type":"Feature","properties":{"statedistrict":"NJ11","state":"NJ","district":11,"bioguide_id":"M001246","official_name":"Analilia Mejia","party":"D","party_unity_opportunities":98.0,"party_unity_votes_cast":98.0,"party_unity_not_voting":0.0,"with_own_party_unity":98.0,"against_own_party_unity":0.0,"party_unity_rate":1.0,"party_opposition_rate":0.0,"party_unity_participation_rate":1.0},"geometry":null},{"type":"Feature","properties":{"statedistrict":"OR02","state":"OR","district":2,"bioguide_id":"B000668","official_name":"Cliff Bentz","party":"R","party_unity_opportunities":414.0,"party_unity_votes_cast":414.0,"party_unity_not_voting":0.0,"with_own_party_unity":414.0,"against_own_party_unity":0.0,"party_unity_rate":1.0,"party_opposition_rate":0.0,"party_unity_participation_rate":1.0},"geometry":null},{"type":"Feature","properties":{"statedistrict":"PA15","state":"PA","district":15,"bioguide_id":"T000467","official_name":"Glenn Thompson","party":"R","party_unity_opportunities":414.0,"party_unity_votes_cast":412.0,"party_unity_not_voting":2.0,"with_own_party_unity":409.0,"against_own_party_unity":3.0,"party_unity_rate":0.9927184466019418,"party_opposition_rate":0.0072815533980582,"party_unity_participation_rate":0.9951690821256038},"geometry":null},{"type":"Feature","properties":{"statedistrict":"VA09","state":"VA","district":9,"bioguide_id":"G000568","official_name":"H. Morgan Griffith","party":"R","party_unity_opportunities":414.0,"party_unity_votes_cast":414.0,"party_unity_not_voting":0.0,"with_own_party_unity":412.0,"against_own_party_unity":2.0,"party_unity_rate":0.9951690821256038,"party_opposition_rate":0.0048309178743961,"party_unity_participation_rate":1.0},"geometry":null},{"type":"Feature","properties":{"statedistrict":"VA06","state":"VA","district":6,"bioguide_id":"C001118","official_name":"Ben Cline","party":"R","party_unity_opportunities":414.0,"party_unity_votes_cast":412.0,"party_unity_not_voting":2.0,"with_own_party_unity":411.0,"against_own_party_unity":1.0,"party_unity_rate":0.9975728155339806,"party_opposition_rate":0.0024271844660194,"party_unity_participation_rate":0.9951690821256038},"geometry":null},{"type":"Feature","properties":{"statedistrict":"VA02","state":"VA","district":2,"bioguide_id":"K000399","official_name":"Jennifer A. Kiggans","party":"R","party_unity_opportunities":414.0,"party_unity_votes_cast":412.0,"party_unity_not_voting":2.0,"with_own_party_unity":407.0,"against_own_party_unity":5.0,"party_unity_rate":0.9878640776699028,"party_opposition_rate":0.012135922330097,"party_unity_participation_rate":0.9951690821256038},"geometry":null},{"type":"Feature","properties":{"statedistrict":"MN05","state":"MN","district":5,"bioguide_id":"O000173","official_name":"Ilhan Omar","party":"D","party_unity_opportunities":414.0,"party_unity_votes_cast":406.0,"party_unity_not_voting":8.0,"with_own_party_unity":403.0,"against_own_party_unity":3.0,"party_unity_rate":0.9926108374384236,"party_opposition_rate":0.0073891625615763,"party_unity_participation_rate":0.9806763285024156},"geometry":null},{"type":"Feature","properties":{"statedistrict":"MN04","state":"MN","district":4,"bioguide_id":"M001143","official_name":"Betty McCollum","party":"D","party_unity_opportunities":414.0,"party_unity_votes_cast":410.0,"party_unity_not_voting":1.0,"with_own_party_unity":408.0,"against_own_party_unity":2.0,"party_unity_rate":0.9951219512195122,"party_opposition_rate":0.0048780487804878,"party_unity_participation_rate":0.9903381642512076},"geometry":null},{"type":"Feature","properties":{"statedistrict":"TX05","state":"TX","district":5,"bioguide_id":"G000589","official_name":"Lance Gooden","party":"R","party_unity_opportunities":414.0,"party_unity_votes_cast":414.0,"party_unity_not_voting":0.0,"with_own_party_unity":411.0,"against_own_party_unity":3.0,"party_unity_rate":0.9927536231884058,"party_opposition_rate":0.0072463768115942,"party_unity_participation_rate":1.0},"geometry":null},{"type":"Feature","properties":{"statedistrict":"TX38","state":"TX","district":38,"bioguide_id":"H001095","official_name":"Wesley Hunt","party":"R","party_unity_opportunities":414.0,"party_unity_votes_cast":338.0,"party_unity_not_voting":76.0,"with_own_party_unity":338.0,"against_own_party_unity":0.0,"party_unity_rate":1.0,"party_opposition_rate":0.0,"party_unity_participation_rate":0.8164251207729468},"geometry":null},{"type":"Feature","properties":{"statedistrict":"TX15","state":"TX","district":15,"bioguide_id":"D000594","official_name":"Monica De La Cruz","party":"R","party_unity_opportunities":414.0,"party_unity_votes_cast":395.0,"party_unity_not_voting":19.0,"with_own_party_unity":393.0,"against_own_party_unity":2.0,"party_unity_rate":0.9949367088607596,"party_opposition_rate":0.0050632911392405,"party_unity_participation_rate":0.9541062801932368},"geometry":null},{"type":"Feature","properties":{"statedistrict":"TX22","state":"TX","district":22,"bioguide_id":"N000026","official_name":"Troy E. Nehls","party":"R","party_unity_opportunities":414.0,"party_unity_votes_cast":396.0,"party_unity_not_voting":18.0,"with_own_party_unity":394.0,"against_own_party_unity":2.0,"party_unity_rate":0.9949494949494948,"party_opposition_rate":0.005050505050505,"party_unity_participation_rate":0.9565217391304348},"geometry":null},{"type":"Feature","properties":{"statedistrict":"AZ01","state":"AZ","district":1,"bioguide_id":"S001183","official_name":"David Schweikert","party":"R","party_unity_opportunities":414.0,"party_unity_votes_cast":409.0,"party_unity_not_voting":5.0,"with_own_party_unity":405.0,"against_own_party_unity":4.0,"party_unity_rate":0.9902200488997556,"party_opposition_rate":0.0097799511002444,"party_unity_participation_rate":0.9879227053140096},"geometry":null},{"type":"Feature","properties":{"statedistrict":"IL03","state":"IL","district":3,"bioguide_id":"R000617","official_name":"Delia C. Ramirez","party":"D","party_unity_opportunities":414.0,"party_unity_votes_cast":407.0,"party_unity_not_voting":7.0,"with_own_party_unity":406.0,"against_own_party_unity":1.0,"party_unity_rate":0.9975429975429976,"party_opposition_rate":0.0024570024570024,"party_unity_participation_rate":0.9830917874396136},"geometry":null},{"type":"Feature","properties":{"statedistrict":"IL10","state":"IL","district":10,"bioguide_id":"S001190","official_name":"Bradley Scott Schneider","party":"D","party_unity_opportunities":414.0,"party_unity_votes_cast":404.0,"party_unity_not_voting":8.0,"with_own_party_unity":382.0,"against_own_party_unity":22.0,"party_unity_rate":0.9455445544554456,"party_opposition_rate":0.0544554455445544,"party_unity_participation_rate":0.9758454106280192},"geometry":null},{"type":"Feature","properties":{"statedistrict":"GA11","state":"GA","district":11,"bioguide_id":"L000583","official_name":"Barry Loudermilk","party":"R","party_unity_opportunities":414.0,"party_unity_votes_cast":402.0,"party_unity_not_voting":12.0,"with_own_party_unity":401.0,"against_own_party_unity":1.0,"party_unity_rate":0.9975124378109452,"party_opposition_rate":0.0024875621890547,"party_unity_participation_rate":0.9710144927536232},"geometry":null},{"type":"Feature","properties":{"statedistrict":"GA04","state":"GA","district":4,"bioguide_id":"J000288","official_name":"Henry C. \"Hank\" Johnson, Jr.","party":"D","party_unity_opportunities":414.0,"party_unity_votes_cast":406.0,"party_unity_not_voting":8.0,"with_own_party_unity":404.0,"against_own_party_unity":2.0,"party_unity_rate":0.9950738916256158,"party_opposition_rate":0.0049261083743842,"party_unity_participation_rate":0.9806763285024156},"geometry":null},{"type":"Feature","properties":{"statedistrict":"NY23","state":"NY","district":23,"bioguide_id":"L000600","official_name":"Nicholas A. Langworthy","party":"R","party_unity_opportunities":414.0,"party_unity_votes_cast":409.0,"party_unity_not_voting":5.0,"with_own_party_unity":407.0,"against_own_party_unity":2.0,"party_unity_rate":0.9951100244498776,"party_opposition_rate":0.0048899755501222,"party_unity_participation_rate":0.9879227053140096},"geometry":null},{"type":"Feature","properties":{"statedistrict":"LA03","state":"LA","district":3,"bioguide_id":"H001077","official_name":"Clay Higgins","party":"R","party_unity_opportunities":414.0,"party_unity_votes_cast":411.0,"party_unity_not_voting":3.0,"with_own_party_unity":409.0,"against_own_party_unity":2.0,"party_unity_rate":0.9951338199513382,"party_opposition_rate":0.0048661800486618,"party_unity_participation_rate":0.9927536231884058},"geometry":null},{"type":"Feature","properties":{"statedistrict":"MI03","state":"MI","district":3,"bioguide_id":"S001221","official_name":"Hillary J. Scholten","party":"D","party_unity_opportunities":414.0,"party_unity_votes_cast":410.0,"party_unity_not_voting":4.0,"with_own_party_unity":374.0,"against_own_party_unity":36.0,"party_unity_rate":0.9121951219512195,"party_opposition_rate":0.0878048780487804,"party_unity_participation_rate":0.9903381642512076},"geometry":null},{"type":"Feature","properties":{"statedistrict":"CA16","state":"CA","district":16,"bioguide_id":"L000607","official_name":"Sam T. Liccardo","party":"D","party_unity_opportunities":414.0,"party_unity_votes_cast":411.0,"party_unity_not_voting":3.0,"with_own_party_unity":403.0,"against_own_party_unity":8.0,"party_unity_rate":0.9805352798053528,"party_opposition_rate":0.0194647201946472,"party_unity_participation_rate":0.9927536231884058},"geometry":null},{"type":"Feature","properties":{"statedistrict":"NY05","state":"NY","district":5,"bioguide_id":"M001137","official_name":"Gregory W. Meeks","party":"D","party_unity_opportunities":414.0,"party_unity_votes_cast":401.0,"party_unity_not_voting":12.0,"with_own_party_unity":394.0,"against_own_party_unity":7.0,"party_unity_rate":0.9825436408977556,"party_opposition_rate":0.0174563591022443,"party_unity_participation_rate":0.9685990338164252},"geometry":null},{"type":"Feature","properties":{"statedistrict":"ND00","state":"ND","district":0,"bioguide_id":"F000482","official_name":"Julie Fedorchak","party":"R","party_unity_opportunities":414.0,"party_unity_votes_cast":405.0,"party_unity_not_voting":9.0,"with_own_party_unity":405.0,"against_own_party_unity":0.0,"party_unity_rate":1.0,"party_opposition_rate":0.0,"party_unity_participation_rate":0.9782608695652174},"geometry":null},{"type":"Feature","properties":{"statedistrict":"RI02","state":"RI","district":2,"bioguide_id":"M001223","official_name":"Seth Magaziner","party":"D","party_unity_opportunities":414.0,"party_unity_votes_cast":407.0,"party_unity_not_voting":7.0,"with_own_party_unity":387.0,"against_own_party_unity":20.0,"party_unity_rate":0.9508599508599508,"party_opposition_rate":0.0491400491400491,"party_unity_participation_rate":0.9830917874396136},"geometry":null},{"type":"Feature","properties":{"statedistrict":"OK04","state":"OK","district":4,"bioguide_id":"C001053","official_name":"Tom Cole","party":"R","party_unity_opportunities":414.0,"party_unity_votes_cast":408.0,"party_unity_not_voting":6.0,"with_own_party_unity":405.0,"against_own_party_unity":3.0,"party_unity_rate":0.9926470588235294,"party_opposition_rate":0.0073529411764705,"party_unity_participation_rate":0.9855072463768116},"geometry":null},{"type":"Feature","properties":{"statedistrict":"FL28","state":"FL","district":28,"bioguide_id":"G000593","official_name":"Carlos A. Gimenez","party":"R","party_unity_opportunities":414.0,"party_unity_votes_cast":387.0,"party_unity_not_voting":27.0,"with_own_party_unity":381.0,"against_own_party_unity":6.0,"party_unity_rate":0.9844961240310076,"party_opposition_rate":0.0155038759689922,"party_unity_participation_rate":0.9347826086956522},"geometry":null},{"type":"Feature","properties":{"statedistrict":"OR04","state":"OR","district":4,"bioguide_id":"H001094","official_name":"Val T. Hoyle","party":"D","party_unity_opportunities":414.0,"party_unity_votes_cast":404.0,"party_unity_not_voting":9.0,"with_own_party_unity":394.0,"against_own_party_unity":10.0,"party_unity_rate":0.9752475247524752,"party_opposition_rate":0.0247524752475247,"party_unity_participation_rate":0.9758454106280192},"geometry":null},{"type":"Feature","properties":{"statedistrict":"SC07","state":"SC","district":7,"bioguide_id":"F000478","official_name":"Russell Fry","party":"R","party_unity_opportunities":414.0,"party_unity_votes_cast":413.0,"party_unity_not_voting":0.0,"with_own_party_unity":411.0,"against_own_party_unity":2.0,"party_unity_rate":0.9951573849878934,"party_opposition_rate":0.0048426150121065,"party_unity_participation_rate":0.997584541062802},"geometry":null},{"type":"Feature","properties":{"statedistrict":"TX01","state":"TX","district":1,"bioguide_id":"M001224","official_name":"Nathaniel Moran","party":"R","party_unity_opportunities":414.0,"party_unity_votes_cast":406.0,"party_unity_not_voting":7.0,"with_own_party_unity":404.0,"against_own_party_unity":2.0,"party_unity_rate":0.9950738916256158,"party_opposition_rate":0.0049261083743842,"party_unity_participation_rate":0.9806763285024156},"geometry":null},{"type":"Feature","properties":{"statedistrict":"WI06","state":"WI","district":6,"bioguide_id":"G000576","official_name":"Glenn Grothman","party":"R","party_unity_opportunities":414.0,"party_unity_votes_cast":407.0,"party_unity_not_voting":7.0,"with_own_party_unity":407.0,"against_own_party_unity":0.0,"party_unity_rate":1.0,"party_opposition_rate":0.0,"party_unity_participation_rate":0.9830917874396136},"geometry":null},{"type":"Feature","properties":{"statedistrict":"AZ05","state":"AZ","district":5,"bioguide_id":"B001302","official_name":"Andy Biggs","party":"R","party_unity_opportunities":414.0,"party_unity_votes_cast":396.0,"party_unity_not_voting":18.0,"with_own_party_unity":390.0,"against_own_party_unity":6.0,"party_unity_rate":0.9848484848484848,"party_opposition_rate":0.0151515151515151,"party_unity_participation_rate":0.9565217391304348},"geometry":null},{"type":"Feature","properties":{"statedistrict":"NY11","state":"NY","district":11,"bioguide_id":"M000317","official_name":"Nicole Malliotakis","party":"R","party_unity_opportunities":414.0,"party_unity_votes_cast":408.0,"party_unity_not_voting":6.0,"with_own_party_unity":397.0,"against_own_party_unity":11.0,"party_unity_rate":0.9730392156862744,"party_opposition_rate":0.0269607843137254,"party_unity_participation_rate":0.9855072463768116},"geometry":null},{"type":"Feature","properties":{"statedistrict":"MS04","state":"MS","district":4,"bioguide_id":"E000235","official_name":"Mike Ezell","party":"R","party_unity_opportunities":414.0,"party_unity_votes_cast":409.0,"party_unity_not_voting":5.0,"with_own_party_unity":409.0,"against_own_party_unity":0.0,"party_unity_rate":1.0,"party_opposition_rate":0.0,"party_unity_participation_rate":0.9879227053140096},"geometry":null},{"type":"Feature","properties":{"statedistrict":"IN07","state":"IN","district":7,"bioguide_id":"C001072","official_name":"André Carson","party":"D","party_unity_opportunities":414.0,"party_unity_votes_cast":409.0,"party_unity_not_voting":5.0,"with_own_party_unity":406.0,"against_own_party_unity":3.0,"party_unity_rate":0.9926650366748166,"party_opposition_rate":0.0073349633251833,"party_unity_participation_rate":0.9879227053140096},"geometry":null},{"type":"Feature","properties":{"statedistrict":"MI12","state":"MI","district":12,"bioguide_id":"T000481","official_name":"Rashida Tlaib","party":"D","party_unity_opportunities":414.0,"party_unity_votes_cast":407.0,"party_unity_not_voting":7.0,"with_own_party_unity":407.0,"against_own_party_unity":0.0,"party_unity_rate":1.0,"party_opposition_rate":0.0,"party_unity_participation_rate":0.9830917874396136},"geometry":null},{"type":"Feature","properties":{"statedistrict":"NY15","state":"NY","district":15,"bioguide_id":"T000486","official_name":"Ritchie Torres","party":"D","party_unity_opportunities":414.0,"party_unity_votes_cast":405.0,"party_unity_not_voting":9.0,"with_own_party_unity":390.0,"against_own_party_unity":15.0,"party_unity_rate":0.9629629629629628,"party_opposition_rate":0.037037037037037,"party_unity_participation_rate":0.9782608695652174},"geometry":null},{"type":"Feature","properties":{"statedistrict":"MN07","state":"MN","district":7,"bioguide_id":"F000470","official_name":"Michelle Fischbach","party":"R","party_unity_opportunities":414.0,"party_unity_votes_cast":413.0,"party_unity_not_voting":1.0,"with_own_party_unity":413.0,"against_own_party_unity":0.0,"party_unity_rate":1.0,"party_opposition_rate":0.0,"party_unity_participation_rate":0.997584541062802},"geometry":null},{"type":"Feature","properties":{"statedistrict":"FL25","state":"FL","district":25,"bioguide_id":"W000797","official_name":"Debbie Wasserman Schultz","party":"D","party_unity_opportunities":414.0,"party_unity_votes_cast":407.0,"party_unity_not_voting":7.0,"with_own_party_unity":393.0,"against_own_party_unity":14.0,"party_unity_rate":0.9656019656019657,"party_opposition_rate":0.0343980343980344,"party_unity_participation_rate":0.9830917874396136},"geometry":null},{"type":"Feature","properties":{"statedistrict":"CT01","state":"CT","district":1,"bioguide_id":"L000557","official_name":"John B. Larson","party":"D","party_unity_opportunities":414.0,"party_unity_votes_cast":404.0,"party_unity_not_voting":10.0,"with_own_party_unity":401.0,"against_own_party_unity":3.0,"party_unity_rate":0.9925742574257426,"party_opposition_rate":0.0074257425742574,"party_unity_participation_rate":0.9758454106280192},"geometry":null},{"type":"Feature","properties":{"statedistrict":"FL24","state":"FL","district":24,"bioguide_id":"W000808","official_name":"Frederica S. Wilson","party":"D","party_unity_opportunities":414.0,"party_unity_votes_cast":323.0,"party_unity_not_voting":91.0,"with_own_party_unity":321.0,"against_own_party_unity":2.0,"party_unity_rate":0.9938080495356038,"party_opposition_rate":0.0061919504643962,"party_unity_participation_rate":0.7801932367149759},"geometry":null},{"type":"Feature","properties":{"statedistrict":"OH06","state":"OH","district":6,"bioguide_id":"R000619","official_name":"Michael A. Rulli","party":"R","party_unity_opportunities":414.0,"party_unity_votes_cast":389.0,"party_unity_not_voting":25.0,"with_own_party_unity":384.0,"against_own_party_unity":5.0,"party_unity_rate":0.987146529562982,"party_opposition_rate":0.0128534704370179,"party_unity_participation_rate":0.9396135265700484},"geometry":null},{"type":"Feature","properties":{"statedistrict":"WA04","state":"WA","district":4,"bioguide_id":"N000189","official_name":"Dan Newhouse","party":"R","party_unity_opportunities":414.0,"party_unity_votes_cast":407.0,"party_unity_not_voting":7.0,"with_own_party_unity":403.0,"against_own_party_unity":4.0,"party_unity_rate":0.9901719901719902,"party_opposition_rate":0.0098280098280098,"party_unity_participation_rate":0.9830917874396136},"geometry":null},{"type":"Feature","properties":{"statedistrict":"CA47","state":"CA","district":47,"bioguide_id":"M001241","official_name":"Dave Min","party":"D","party_unity_opportunities":414.0,"party_unity_votes_cast":412.0,"party_unity_not_voting":2.0,"with_own_party_unity":389.0,"against_own_party_unity":23.0,"party_unity_rate":0.9441747572815534,"party_opposition_rate":0.0558252427184466,"party_unity_participation_rate":0.9951690821256038},"geometry":null},{"type":"Feature","properties":{"statedistrict":"MO02","state":"MO","district":2,"bioguide_id":"W000812","official_name":"Ann Wagner","party":"R","party_unity_opportunities":414.0,"party_unity_votes_cast":412.0,"party_unity_not_voting":2.0,"with_own_party_unity":411.0,"against_own_party_unity":1.0,"party_unity_rate":0.9975728155339806,"party_opposition_rate":0.0024271844660194,"party_unity_participation_rate":0.9951690821256038},"geometry":null},{"type":"Feature","properties":{"statedistrict":"CA19","state":"CA","district":19,"bioguide_id":"P000613","official_name":"Jimmy Panetta","party":"D","party_unity_opportunities":414.0,"party_unity_votes_cast":414.0,"party_unity_not_voting":0.0,"with_own_party_unity":375.0,"against_own_party_unity":39.0,"party_unity_rate":0.9057971014492754,"party_opposition_rate":0.0942028985507246,"party_unity_participation_rate":1.0},"geometry":null},{"type":"Feature","properties":{"statedistrict":"NC11","state":"NC","district":11,"bioguide_id":"E000246","official_name":"Chuck Edwards","party":"R","party_unity_opportunities":414.0,"party_unity_votes_cast":411.0,"party_unity_not_voting":3.0,"with_own_party_unity":409.0,"against_own_party_unity":2.0,"party_unity_rate":0.9951338199513382,"party_opposition_rate":0.0048661800486618,"party_unity_participation_rate":0.9927536231884058},"geometry":null},{"type":"Feature","properties":{"statedistrict":"PA02","state":"PA","district":2,"bioguide_id":"B001296","official_name":"Brendan F. Boyle","party":"D","party_unity_opportunities":414.0,"party_unity_votes_cast":401.0,"party_unity_not_voting":13.0,"with_own_party_unity":386.0,"against_own_party_unity":15.0,"party_unity_rate":0.9625935162094764,"party_opposition_rate":0.0374064837905236,"party_unity_participation_rate":0.9685990338164252},"geometry":null},{"type":"Feature","properties":{"statedistrict":"CA49","state":"CA","district":49,"bioguide_id":"L000593","official_name":"Mike Levin","party":"D","party_unity_opportunities":414.0,"party_unity_votes_cast":411.0,"party_unity_not_voting":1.0,"with_own_party_unity":392.0,"against_own_party_unity":19.0,"party_unity_rate":0.9537712895377128,"party_opposition_rate":0.0462287104622871,"party_unity_participation_rate":0.9927536231884058},"geometry":null},{"type":"Feature","properties":{"statedistrict":"CA48","state":"CA","district":48,"bioguide_id":"I000056","official_name":"Darrell Issa","party":"R","party_unity_opportunities":414.0,"party_unity_votes_cast":409.0,"party_unity_not_voting":5.0,"with_own_party_unity":407.0,"against_own_party_unity":2.0,"party_unity_rate":0.9951100244498776,"party_opposition_rate":0.0048899755501222,"party_unity_participation_rate":0.9879227053140096},"geometry":null},{"type":"Feature","properties":{"statedistrict":"AZ04","state":"AZ","district":4,"bioguide_id":"S001211","official_name":"Greg Stanton","party":"D","party_unity_opportunities":414.0,"party_unity_votes_cast":405.0,"party_unity_not_voting":8.0,"with_own_party_unity":376.0,"against_own_party_unity":29.0,"party_unity_rate":0.928395061728395,"party_opposition_rate":0.0716049382716049,"party_unity_participation_rate":0.9782608695652174},"geometry":null},{"type":"Feature","properties":{"statedistrict":"FL14","state":"FL","district":14,"bioguide_id":"C001066","official_name":"Kathy Castor","party":"D","party_unity_opportunities":414.0,"party_unity_votes_cast":408.0,"party_unity_not_voting":5.0,"with_own_party_unity":392.0,"against_own_party_unity":16.0,"party_unity_rate":0.9607843137254902,"party_opposition_rate":0.0392156862745098,"party_unity_participation_rate":0.9855072463768116},"geometry":null},{"type":"Feature","properties":{"statedistrict":"CA44","state":"CA","district":44,"bioguide_id":"B001300","official_name":"Nanette Diaz Barragán","party":"D","party_unity_opportunities":414.0,"party_unity_votes_cast":408.0,"party_unity_not_voting":6.0,"with_own_party_unity":406.0,"against_own_party_unity":2.0,"party_unity_rate":0.9950980392156864,"party_opposition_rate":0.0049019607843137,"party_unity_participation_rate":0.9855072463768116},"geometry":null},{"type":"Feature","properties":{"statedistrict":"FL27","state":"FL","district":27,"bioguide_id":"S000168","official_name":"Maria Elvira Salazar","party":"R","party_unity_opportunities":414.0,"party_unity_votes_cast":375.0,"party_unity_not_voting":39.0,"with_own_party_unity":365.0,"against_own_party_unity":10.0,"party_unity_rate":0.9733333333333334,"party_opposition_rate":0.0266666666666666,"party_unity_participation_rate":0.9057971014492754},"geometry":null},{"type":"Feature","properties":{"statedistrict":"AL06","state":"AL","district":6,"bioguide_id":"P000609","official_name":"Gary J. Palmer","party":"R","party_unity_opportunities":414.0,"party_unity_votes_cast":410.0,"party_unity_not_voting":4.0,"with_own_party_unity":408.0,"against_own_party_unity":2.0,"party_unity_rate":0.9951219512195122,"party_opposition_rate":0.0048780487804878,"party_unity_participation_rate":0.9903381642512076},"geometry":null},{"type":"Feature","properties":{"statedistrict":"NY26","state":"NY","district":26,"bioguide_id":"K000402","official_name":"Timothy M. Kennedy","party":"D","party_unity_opportunities":414.0,"party_unity_votes_cast":414.0,"party_unity_not_voting":0.0,"with_own_party_unity":402.0,"against_own_party_unity":12.0,"party_unity_rate":0.9710144927536232,"party_opposition_rate":0.0289855072463768,"party_unity_participation_rate":1.0},"geometry":null},{"type":"Feature","properties":{"statedistrict":"NY04","state":"NY","district":4,"bioguide_id":"G000602","official_name":"Laura Gillen","party":"D","party_unity_opportunities":414.0,"party_unity_votes_cast":404.0,"party_unity_not_voting":9.0,"with_own_party_unity":336.0,"against_own_party_unity":68.0,"party_unity_rate":0.8316831683168316,"party_opposition_rate":0.1683168316831683,"party_unity_participation_rate":0.9758454106280192},"geometry":null},{"type":"Feature","properties":{"statedistrict":"WI04","state":"WI","district":4,"bioguide_id":"M001160","official_name":"Gwen Moore","party":"D","party_unity_opportunities":414.0,"party_unity_votes_cast":405.0,"party_unity_not_voting":9.0,"with_own_party_unity":401.0,"against_own_party_unity":4.0,"party_unity_rate":0.9901234567901236,"party_opposition_rate":0.0098765432098765,"party_unity_participation_rate":0.9782608695652174},"geometry":null},{"type":"Feature","properties":{"statedistrict":"NY09","state":"NY","district":9,"bioguide_id":"C001067","official_name":"Yvette D. Clarke","party":"D","party_unity_opportunities":414.0,"party_unity_votes_cast":400.0,"party_unity_not_voting":14.0,"with_own_party_unity":398.0,"against_own_party_unity":2.0,"party_unity_rate":0.995,"party_opposition_rate":0.005,"party_unity_participation_rate":0.966183574879227},"geometry":null},{"type":"Feature","properties":{"statedistrict":"NY12","state":"NY","district":12,"bioguide_id":"N000002","official_name":"Jerrold Nadler","party":"D","party_unity_opportunities":414.0,"party_unity_votes_cast":370.0,"party_unity_not_voting":44.0,"with_own_party_unity":370.0,"against_own_party_unity":0.0,"party_unity_rate":1.0,"party_opposition_rate":0.0,"party_unity_participation_rate":0.893719806763285},"geometry":null},{"type":"Feature","properties":{"statedistrict":"DE00","state":"DE","district":0,"bioguide_id":"M001238","official_name":"Sarah McBride","party":"D","party_unity_opportunities":414.0,"party_unity_votes_cast":411.0,"party_unity_not_voting":2.0,"with_own_party_unity":401.0,"against_own_party_unity":10.0,"party_unity_rate":0.975669099756691,"party_opposition_rate":0.024330900243309,"party_unity_participation_rate":0.9927536231884058},"geometry":null},{"type":"Feature","properties":{"statedistrict":"FL20","state":"FL","district":20,"bioguide_id":null,"official_name":null,"party":null,"party_unity_opportunities":null,"party_unity_votes_cast":null,"party_unity_not_voting":null,"with_own_party_unity":null,"against_own_party_unity":null,"party_unity_rate":null,"party_opposition_rate":null,"party_unity_participation_rate":null},"geometry":null},{"type":"Feature","properties":{"statedistrict":"GA13","state":"GA","district":13,"bioguide_id":"B001328","official_name":"Everton Blair Jr.","party":"D","party_unity_opportunities":16.0,"party_unity_votes_cast":16.0,"party_unity_not_voting":0.0,"with_own_party_unity":16.0,"against_own_party_unity":0.0,"party_unity_rate":1.0,"party_opposition_rate":0.0,"party_unity_participation_rate":1.0},"geometry":null},{"type":"Feature","properties":{"statedistrict":"NC06","state":"NC","district":6,"bioguide_id":"M001240","official_name":"Addison P. McDowell","party":"R","party_unity_opportunities":414.0,"party_unity_votes_cast":410.0,"party_unity_not_voting":4.0,"with_own_party_unity":410.0,"against_own_party_unity":0.0,"party_unity_rate":1.0,"party_opposition_rate":0.0,"party_unity_participation_rate":0.9903381642512076},"geometry":null},{"type":"Feature","properties":{"statedistrict":"NC02","state":"NC","district":2,"bioguide_id":"R000305","official_name":"Deborah K. Ross","party":"D","party_unity_opportunities":414.0,"party_unity_votes_cast":413.0,"party_unity_not_voting":0.0,"with_own_party_unity":409.0,"against_own_party_unity":4.0,"party_unity_rate":0.9903147699757868,"party_opposition_rate":0.009685230024213,"party_unity_participation_rate":0.997584541062802},"geometry":null},{"type":"Feature","properties":{"statedistrict":"CA17","state":"CA","district":17,"bioguide_id":"K000389","official_name":"Ro Khanna","party":"D","party_unity_opportunities":414.0,"party_unity_votes_cast":411.0,"party_unity_not_voting":3.0,"with_own_party_unity":405.0,"against_own_party_unity":6.0,"party_unity_rate":0.9854014598540146,"party_opposition_rate":0.0145985401459854,"party_unity_participation_rate":0.9927536231884058},"geometry":null},{"type":"Feature","properties":{"statedistrict":"CA40","state":"CA","district":40,"bioguide_id":"K000397","official_name":"Young Kim","party":"R","party_unity_opportunities":414.0,"party_unity_votes_cast":412.0,"party_unity_not_voting":2.0,"with_own_party_unity":410.0,"against_own_party_unity":2.0,"party_unity_rate":0.9951456310679612,"party_opposition_rate":0.0048543689320388,"party_unity_participation_rate":0.9951690821256038},"geometry":null},{"type":"Feature","properties":{"statedistrict":"CA26","state":"CA","district":26,"bioguide_id":"B001285","official_name":"Julia Brownley","party":"D","party_unity_opportunities":414.0,"party_unity_votes_cast":403.0,"party_unity_not_voting":11.0,"with_own_party_unity":399.0,"against_own_party_unity":4.0,"party_unity_rate":0.9900744416873448,"party_opposition_rate":0.009925558312655,"party_unity_participation_rate":0.9734299516908212},"geometry":null},{"type":"Feature","properties":{"statedistrict":"CO02","state":"CO","district":2,"bioguide_id":"N000191","official_name":"Joe Neguse","party":"D","party_unity_opportunities":414.0,"party_unity_votes_cast":414.0,"party_unity_not_voting":0.0,"with_own_party_unity":411.0,"against_own_party_unity":3.0,"party_unity_rate":0.9927536231884058,"party_opposition_rate":0.0072463768115942,"party_unity_participation_rate":1.0},"geometry":null},{"type":"Feature","properties":{"statedistrict":"MI08","state":"MI","district":8,"bioguide_id":"M001237","official_name":"Kristen McDonald Rivet","party":"D","party_unity_opportunities":414.0,"party_unity_votes_cast":400.0,"party_unity_not_voting":13.0,"with_own_party_unity":352.0,"against_own_party_unity":48.0,"party_unity_rate":0.88,"party_opposition_rate":0.12,"party_unity_participation_rate":0.966183574879227},"geometry":null},{"type":"Feature","properties":{"statedistrict":"WI07","state":"WI","district":7,"bioguide_id":"T000165","official_name":"Thomas P. Tiffany","party":"R","party_unity_opportunities":414.0,"party_unity_votes_cast":397.0,"party_unity_not_voting":17.0,"with_own_party_unity":396.0,"against_own_party_unity":1.0,"party_unity_rate":0.9974811083123426,"party_opposition_rate":0.0025188916876574,"party_unity_participation_rate":0.9589371980676328},"geometry":null},{"type":"Feature","properties":{"statedistrict":"ME01","state":"ME","district":1,"bioguide_id":"P000597","official_name":"Chellie Pingree","party":"D","party_unity_opportunities":414.0,"party_unity_votes_cast":401.0,"party_unity_not_voting":13.0,"with_own_party_unity":398.0,"against_own_party_unity":3.0,"party_unity_rate":0.9925187032418952,"party_opposition_rate":0.0074812967581047,"party_unity_participation_rate":0.9685990338164252},"geometry":null},{"type":"Feature","properties":{"statedistrict":"AL01","state":"AL","district":1,"bioguide_id":"M001212","official_name":"Barry Moore","party":"R","party_unity_opportunities":414.0,"party_unity_votes_cast":407.0,"party_unity_not_voting":7.0,"with_own_party_unity":404.0,"against_own_party_unity":3.0,"party_unity_rate":0.9926289926289926,"party_opposition_rate":0.0073710073710073,"party_unity_participation_rate":0.9830917874396136},"geometry":null},{"type":"Feature","properties":{"statedistrict":"KS04","state":"KS","district":4,"bioguide_id":"E000298","official_name":"Ron Estes","party":"R","party_unity_opportunities":414.0,"party_unity_votes_cast":414.0,"party_unity_not_voting":0.0,"with_own_party_unity":413.0,"against_own_party_unity":1.0,"party_unity_rate":0.997584541062802,"party_opposition_rate":0.002415458937198,"party_unity_participation_rate":1.0},"geometry":null},{"type":"Feature","properties":{"statedistrict":"CO06","state":"CO","district":6,"bioguide_id":"C001121","official_name":"Jason Crow","party":"D","party_unity_opportunities":414.0,"party_unity_votes_cast":414.0,"party_unity_not_voting":0.0,"with_own_party_unity":408.0,"against_own_party_unity":6.0,"party_unity_rate":0.9855072463768116,"party_opposition_rate":0.0144927536231884,"party_unity_participation_rate":1.0},"geometry":null},{"type":"Feature","properties":{"statedistrict":"IL05","state":"IL","district":5,"bioguide_id":"Q000023","official_name":"Mike Quigley","party":"D","party_unity_opportunities":414.0,"party_unity_votes_cast":402.0,"party_unity_not_voting":12.0,"with_own_party_unity":390.0,"against_own_party_unity":12.0,"party_unity_rate":0.9701492537313432,"party_opposition_rate":0.0298507462686567,"party_unity_participation_rate":0.9710144927536232},"geometry":null},{"type":"Feature","properties":{"statedistrict":"AR03","state":"AR","district":3,"bioguide_id":"W000809","official_name":"Steve Womack","party":"R","party_unity_opportunities":414.0,"party_unity_votes_cast":367.0,"party_unity_not_voting":47.0,"with_own_party_unity":363.0,"against_own_party_unity":4.0,"party_unity_rate":0.989100817438692,"party_opposition_rate":0.0108991825613079,"party_unity_participation_rate":0.8864734299516909},"geometry":null},{"type":"Feature","properties":{"statedistrict":"NV03","state":"NV","district":3,"bioguide_id":"L000590","official_name":"Susie Lee","party":"D","party_unity_opportunities":414.0,"party_unity_votes_cast":406.0,"party_unity_not_voting":7.0,"with_own_party_unity":352.0,"against_own_party_unity":54.0,"party_unity_rate":0.8669950738916257,"party_opposition_rate":0.1330049261083744,"party_unity_participation_rate":0.9806763285024156},"geometry":null},{"type":"Feature","properties":{"statedistrict":"NY02","state":"NY","district":2,"bioguide_id":"G000597","official_name":"Andrew R. Garbarino","party":"R","party_unity_opportunities":414.0,"party_unity_votes_cast":401.0,"party_unity_not_voting":11.0,"with_own_party_unity":394.0,"against_own_party_unity":7.0,"party_unity_rate":0.9825436408977556,"party_opposition_rate":0.0174563591022443,"party_unity_participation_rate":0.9685990338164252},"geometry":null},{"type":"Feature","properties":{"statedistrict":"PA11","state":"PA","district":11,"bioguide_id":"S001199","official_name":"Lloyd Smucker","party":"R","party_unity_opportunities":414.0,"party_unity_votes_cast":404.0,"party_unity_not_voting":10.0,"with_own_party_unity":403.0,"against_own_party_unity":1.0,"party_unity_rate":0.9975247524752476,"party_opposition_rate":0.0024752475247524,"party_unity_participation_rate":0.9758454106280192},"geometry":null},{"type":"Feature","properties":{"statedistrict":"TX29","state":"TX","district":29,"bioguide_id":"G000587","official_name":"Sylvia R. Garcia","party":"D","party_unity_opportunities":414.0,"party_unity_votes_cast":392.0,"party_unity_not_voting":22.0,"with_own_party_unity":390.0,"against_own_party_unity":2.0,"party_unity_rate":0.9948979591836736,"party_opposition_rate":0.0051020408163265,"party_unity_participation_rate":0.9468599033816424},"geometry":null},{"type":"Feature","properties":{"statedistrict":"NY24","state":"NY","district":24,"bioguide_id":"T000478","official_name":"Claudia Tenney","party":"R","party_unity_opportunities":414.0,"party_unity_votes_cast":411.0,"party_unity_not_voting":3.0,"with_own_party_unity":411.0,"against_own_party_unity":0.0,"party_unity_rate":1.0,"party_opposition_rate":0.0,"party_unity_participation_rate":0.9927536231884058},"geometry":null},{"type":"Feature","properties":{"statedistrict":"CT04","state":"CT","district":4,"bioguide_id":"H001047","official_name":"James A. Himes","party":"D","party_unity_opportunities":414.0,"party_unity_votes_cast":409.0,"party_unity_not_voting":3.0,"with_own_party_unity":388.0,"against_own_party_unity":21.0,"party_unity_rate":0.9486552567237164,"party_opposition_rate":0.0513447432762836,"party_unity_participation_rate":0.9879227053140096},"geometry":null},{"type":"Feature","properties":{"statedistrict":"OR03","state":"OR","district":3,"bioguide_id":"D000635","official_name":"Maxine Dexter","party":"D","party_unity_opportunities":414.0,"party_unity_votes_cast":411.0,"party_unity_not_voting":3.0,"with_own_party_unity":411.0,"against_own_party_unity":0.0,"party_unity_rate":1.0,"party_opposition_rate":0.0,"party_unity_participation_rate":0.9927536231884058},"geometry":null},{"type":"Feature","properties":{"statedistrict":"CO05","state":"CO","district":5,"bioguide_id":"C001137","official_name":"Jeff Crank","party":"R","party_unity_opportunities":414.0,"party_unity_votes_cast":413.0,"party_unity_not_voting":1.0,"with_own_party_unity":411.0,"against_own_party_unity":2.0,"party_unity_rate":0.9951573849878934,"party_opposition_rate":0.0048426150121065,"party_unity_participation_rate":0.997584541062802},"geometry":null},{"type":"Feature","properties":{"statedistrict":"FL22","state":"FL","district":22,"bioguide_id":"F000462","official_name":"Lois Frankel","party":"D","party_unity_opportunities":414.0,"party_unity_votes_cast":394.0,"party_unity_not_voting":19.0,"with_own_party_unity":383.0,"against_own_party_unity":11.0,"party_unity_rate":0.9720812182741116,"party_opposition_rate":0.0279187817258883,"party_unity_participation_rate":0.9516908212560388},"geometry":null},{"type":"Feature","properties":{"statedistrict":"TX14","state":"TX","district":14,"bioguide_id":"W000814","official_name":"Randy K. Weber, Sr.","party":"R","party_unity_opportunities":414.0,"party_unity_votes_cast":406.0,"party_unity_not_voting":8.0,"with_own_party_unity":406.0,"against_own_party_unity":0.0,"party_unity_rate":1.0,"party_opposition_rate":0.0,"party_unity_participation_rate":0.9806763285024156},"geometry":null},{"type":"Feature","properties":{"statedistrict":"MD07","state":"MD","district":7,"bioguide_id":"M000687","official_name":"Kweisi Mfume","party":"D","party_unity_opportunities":414.0,"party_unity_votes_cast":401.0,"party_unity_not_voting":12.0,"with_own_party_unity":399.0,"against_own_party_unity":2.0,"party_unity_rate":0.9950124688279302,"party_opposition_rate":0.0049875311720698,"party_unity_participation_rate":0.9685990338164252},"geometry":null},{"type":"Feature","properties":{"statedistrict":"WI03","state":"WI","district":3,"bioguide_id":"V000135","official_name":"Derrick Van Orden","party":"R","party_unity_opportunities":414.0,"party_unity_votes_cast":385.0,"party_unity_not_voting":28.0,"with_own_party_unity":380.0,"against_own_party_unity":5.0,"party_unity_rate":0.987012987012987,"party_opposition_rate":0.0129870129870129,"party_unity_participation_rate":0.929951690821256},"geometry":null},{"type":"Feature","properties":{"statedistrict":"CA30","state":"CA","district":30,"bioguide_id":"F000483","official_name":"Laura Friedman","party":"D","party_unity_opportunities":414.0,"party_unity_votes_cast":412.0,"party_unity_not_voting":2.0,"with_own_party_unity":408.0,"against_own_party_unity":4.0,"party_unity_rate":0.9902912621359224,"party_opposition_rate":0.0097087378640776,"party_unity_participation_rate":0.9951690821256038},"geometry":null},{"type":"Feature","properties":{"statedistrict":"OH05","state":"OH","district":5,"bioguide_id":"L000566","official_name":"Robert E. Latta","party":"R","party_unity_opportunities":414.0,"party_unity_votes_cast":414.0,"party_unity_not_voting":0.0,"with_own_party_unity":414.0,"against_own_party_unity":0.0,"party_unity_rate":1.0,"party_opposition_rate":0.0,"party_unity_participation_rate":1.0},"geometry":null},{"type":"Feature","properties":{"statedistrict":"FL19","state":"FL","district":19,"bioguide_id":"D000032","official_name":"Byron Donalds","party":"R","party_unity_opportunities":414.0,"party_unity_votes_cast":376.0,"party_unity_not_voting":38.0,"with_own_party_unity":371.0,"against_own_party_unity":5.0,"party_unity_rate":0.9867021276595744,"party_opposition_rate":0.0132978723404255,"party_unity_participation_rate":0.9082125603864736},"geometry":null},{"type":"Feature","properties":{"statedistrict":"WA09","state":"WA","district":9,"bioguide_id":"S000510","official_name":"Adam Smith","party":"D","party_unity_opportunities":414.0,"party_unity_votes_cast":395.0,"party_unity_not_voting":19.0,"with_own_party_unity":392.0,"against_own_party_unity":3.0,"party_unity_rate":0.9924050632911392,"party_opposition_rate":0.0075949367088607,"party_unity_participation_rate":0.9541062801932368},"geometry":null},{"type":"Feature","properties":{"statedistrict":"NC07","state":"NC","district":7,"bioguide_id":"R000603","official_name":"David Rouzer","party":"R","party_unity_opportunities":414.0,"party_unity_votes_cast":409.0,"party_unity_not_voting":5.0,"with_own_party_unity":409.0,"against_own_party_unity":0.0,"party_unity_rate":1.0,"party_opposition_rate":0.0,"party_unity_participation_rate":0.9879227053140096},"geometry":null},{"type":"Feature","properties":{"statedistrict":"MA01","state":"MA","district":1,"bioguide_id":"N000015","official_name":"Richard E. Neal","party":"D","party_unity_opportunities":414.0,"party_unity_votes_cast":391.0,"party_unity_not_voting":22.0,"with_own_party_unity":388.0,"against_own_party_unity":3.0,"party_unity_rate":0.9923273657289002,"party_opposition_rate":0.0076726342710997,"party_unity_participation_rate":0.9444444444444444},"geometry":null},{"type":"Feature","properties":{"statedistrict":"OH03","state":"OH","district":3,"bioguide_id":"B001281","official_name":"Joyce Beatty","party":"D","party_unity_opportunities":414.0,"party_unity_votes_cast":388.0,"party_unity_not_voting":25.0,"with_own_party_unity":382.0,"against_own_party_unity":6.0,"party_unity_rate":0.9845360824742267,"party_opposition_rate":0.0154639175257731,"party_unity_participation_rate":0.9371980676328504},"geometry":null},{"type":"Feature","properties":{"statedistrict":"OH04","state":"OH","district":4,"bioguide_id":"J000289","official_name":"Jim Jordan","party":"R","party_unity_opportunities":414.0,"party_unity_votes_cast":403.0,"party_unity_not_voting":11.0,"with_own_party_unity":403.0,"against_own_party_unity":0.0,"party_unity_rate":1.0,"party_opposition_rate":0.0,"party_unity_participation_rate":0.9734299516908212},"geometry":null},{"type":"Feature","properties":{"statedistrict":"UT02","state":"UT","district":2,"bioguide_id":"M001228","official_name":"Celeste Maloy","party":"R","party_unity_opportunities":414.0,"party_unity_votes_cast":411.0,"party_unity_not_voting":3.0,"with_own_party_unity":409.0,"against_own_party_unity":2.0,"party_unity_rate":0.9951338199513382,"party_opposition_rate":0.0048661800486618,"party_unity_participation_rate":0.9927536231884058},"geometry":null},{"type":"Feature","properties":{"statedistrict":"TN08","state":"TN","district":8,"bioguide_id":"K000392","official_name":"David Kustoff","party":"R","party_unity_opportunities":414.0,"party_unity_votes_cast":411.0,"party_unity_not_voting":3.0,"with_own_party_unity":410.0,"against_own_party_unity":1.0,"party_unity_rate":0.9975669099756692,"party_opposition_rate":0.0024330900243309,"party_unity_participation_rate":0.9927536231884058},"geometry":null},{"type":"Feature","properties":{"statedistrict":"SC01","state":"SC","district":1,"bioguide_id":"M000194","official_name":"Nancy Mace","party":"R","party_unity_opportunities":414.0,"party_unity_votes_cast":342.0,"party_unity_not_voting":71.0,"with_own_party_unity":339.0,"against_own_party_unity":3.0,"party_unity_rate":0.9912280701754386,"party_opposition_rate":0.0087719298245614,"party_unity_participation_rate":0.8260869565217391},"geometry":null},{"type":"Feature","properties":{"statedistrict":"SC06","state":"SC","district":6,"bioguide_id":"C000537","official_name":"James E. Clyburn","party":"D","party_unity_opportunities":414.0,"party_unity_votes_cast":408.0,"party_unity_not_voting":6.0,"with_own_party_unity":398.0,"against_own_party_unity":10.0,"party_unity_rate":0.9754901960784312,"party_opposition_rate":0.0245098039215686,"party_unity_participation_rate":0.9855072463768116},"geometry":null},{"type":"Feature","properties":{"statedistrict":"MI09","state":"MI","district":9,"bioguide_id":"M001136","official_name":"Lisa C. McClain","party":"R","party_unity_opportunities":414.0,"party_unity_votes_cast":407.0,"party_unity_not_voting":7.0,"with_own_party_unity":407.0,"against_own_party_unity":0.0,"party_unity_rate":1.0,"party_opposition_rate":0.0,"party_unity_participation_rate":0.9830917874396136},"geometry":null},{"type":"Feature","properties":{"statedistrict":"MI01","state":"MI","district":1,"bioguide_id":"B001301","official_name":"Jack Bergman","party":"R","party_unity_opportunities":414.0,"party_unity_votes_cast":407.0,"party_unity_not_voting":7.0,"with_own_party_unity":406.0,"against_own_party_unity":1.0,"party_unity_rate":0.9975429975429976,"party_opposition_rate":0.0024570024570024,"party_unity_participation_rate":0.9830917874396136},"geometry":null},{"type":"Feature","properties":{"statedistrict":"MI07","state":"MI","district":7,"bioguide_id":"B001321","official_name":"Tom Barrett","party":"R","party_unity_opportunities":414.0,"party_unity_votes_cast":411.0,"party_unity_not_voting":3.0,"with_own_party_unity":405.0,"against_own_party_unity":6.0,"party_unity_rate":0.9854014598540146,"party_opposition_rate":0.0145985401459854,"party_unity_participation_rate":0.9927536231884058},"geometry":null},{"type":"Feature","properties":{"statedistrict":"WA10","state":"WA","district":10,"bioguide_id":"S001159","official_name":"Marilyn Strickland","party":"D","party_unity_opportunities":414.0,"party_unity_votes_cast":408.0,"party_unity_not_voting":6.0,"with_own_party_unity":399.0,"against_own_party_unity":9.0,"party_unity_rate":0.9779411764705882,"party_opposition_rate":0.0220588235294117,"party_unity_participation_rate":0.9855072463768116},"geometry":null},{"type":"Feature","properties":{"statedistrict":"LA01","state":"LA","district":1,"bioguide_id":"S001176","official_name":"Steve Scalise","party":"R","party_unity_opportunities":414.0,"party_unity_votes_cast":411.0,"party_unity_not_voting":3.0,"with_own_party_unity":408.0,"against_own_party_unity":3.0,"party_unity_rate":0.9927007299270072,"party_opposition_rate":0.0072992700729927,"party_unity_participation_rate":0.9927536231884058},"geometry":null},{"type":"Feature","properties":{"statedistrict":"MI11","state":"MI","district":11,"bioguide_id":"S001215","official_name":"Haley M. Stevens","party":"D","party_unity_opportunities":414.0,"party_unity_votes_cast":413.0,"party_unity_not_voting":1.0,"with_own_party_unity":393.0,"against_own_party_unity":20.0,"party_unity_rate":0.9515738498789348,"party_opposition_rate":0.0484261501210653,"party_unity_participation_rate":0.997584541062802},"geometry":null},{"type":"Feature","properties":{"statedistrict":"PA05","state":"PA","district":5,"bioguide_id":"S001205","official_name":"Mary Gay Scanlon","party":"D","party_unity_opportunities":414.0,"party_unity_votes_cast":411.0,"party_unity_not_voting":3.0,"with_own_party_unity":411.0,"against_own_party_unity":0.0,"party_unity_rate":1.0,"party_opposition_rate":0.0,"party_unity_participation_rate":0.9927536231884058},"geometry":null},{"type":"Feature","properties":{"statedistrict":"AZ07","state":"AZ","district":7,"bioguide_id":"G000606","official_name":"Adelita S. Grijalva","party":"D","party_unity_opportunities":252.0,"party_unity_votes_cast":251.0,"party_unity_not_voting":1.0,"with_own_party_unity":251.0,"against_own_party_unity":0.0,"party_unity_rate":1.0,"party_opposition_rate":0.0,"party_unity_participation_rate":0.996031746031746},"geometry":null},{"type":"Feature","properties":{"statedistrict":"NY25","state":"NY","district":25,"bioguide_id":"M001206","official_name":"Joseph D. Morelle","party":"D","party_unity_opportunities":414.0,"party_unity_votes_cast":407.0,"party_unity_not_voting":5.0,"with_own_party_unity":393.0,"against_own_party_unity":14.0,"party_unity_rate":0.9656019656019657,"party_opposition_rate":0.0343980343980344,"party_unity_participation_rate":0.9830917874396136},"geometry":null},{"type":"Feature","properties":{"statedistrict":"NY13","state":"NY","district":13,"bioguide_id":"E000297","official_name":"Adriano Espaillat","party":"D","party_unity_opportunities":414.0,"party_unity_votes_cast":410.0,"party_unity_not_voting":4.0,"with_own_party_unity":408.0,"against_own_party_unity":2.0,"party_unity_rate":0.9951219512195122,"party_opposition_rate":0.0048780487804878,"party_unity_participation_rate":0.9903381642512076},"geometry":null},{"type":"Feature","properties":{"statedistrict":"IL04","state":"IL","district":4,"bioguide_id":"G000586","official_name":"Jesús G. \"Chuy\" García","party":"D","party_unity_opportunities":414.0,"party_unity_votes_cast":409.0,"party_unity_not_voting":5.0,"with_own_party_unity":407.0,"against_own_party_unity":2.0,"party_unity_rate":0.9951100244498776,"party_opposition_rate":0.0048899755501222,"party_unity_participation_rate":0.9879227053140096},"geometry":null},{"type":"Feature","properties":{"statedistrict":"FL12","state":"FL","district":12,"bioguide_id":"B001257","official_name":"Gus M. Bilirakis","party":"R","party_unity_opportunities":414.0,"party_unity_votes_cast":406.0,"party_unity_not_voting":8.0,"with_own_party_unity":406.0,"against_own_party_unity":0.0,"party_unity_rate":1.0,"party_opposition_rate":0.0,"party_unity_participation_rate":0.9806763285024156},"geometry":null},{"type":"Feature","properties":{"statedistrict":"NJ02","state":"NJ","district":2,"bioguide_id":"V000133","official_name":"Jefferson Van Drew","party":"R","party_unity_opportunities":414.0,"party_unity_votes_cast":410.0,"party_unity_not_voting":4.0,"with_own_party_unity":397.0,"against_own_party_unity":13.0,"party_unity_rate":0.9682926829268292,"party_opposition_rate":0.0317073170731707,"party_unity_participation_rate":0.9903381642512076},"geometry":null},{"type":"Feature","properties":{"statedistrict":"UT04","state":"UT","district":4,"bioguide_id":"O000086","official_name":"Burgess Owens","party":"R","party_unity_opportunities":414.0,"party_unity_votes_cast":409.0,"party_unity_not_voting":5.0,"with_own_party_unity":407.0,"against_own_party_unity":2.0,"party_unity_rate":0.9951100244498776,"party_opposition_rate":0.0048899755501222,"party_unity_participation_rate":0.9879227053140096},"geometry":null},{"type":"Feature","properties":{"statedistrict":"MI05","state":"MI","district":5,"bioguide_id":"W000798","official_name":"Tim Walberg","party":"R","party_unity_opportunities":414.0,"party_unity_votes_cast":411.0,"party_unity_not_voting":3.0,"with_own_party_unity":411.0,"against_own_party_unity":0.0,"party_unity_rate":1.0,"party_opposition_rate":0.0,"party_unity_participation_rate":0.9927536231884058},"geometry":null},{"type":"Feature","properties":{"statedistrict":"MO08","state":"MO","district":8,"bioguide_id":"S001195","official_name":"Jason Smith","party":"R","party_unity_opportunities":414.0,"party_unity_votes_cast":405.0,"party_unity_not_voting":9.0,"with_own_party_unity":405.0,"against_own_party_unity":0.0,"party_unity_rate":1.0,"party_opposition_rate":0.0,"party_unity_participation_rate":0.9782608695652174},"geometry":null},{"type":"Feature","properties":{"statedistrict":"TX23","state":"TX","district":23,"bioguide_id":null,"official_name":null,"party":null,"party_unity_opportunities":null,"party_unity_votes_cast":null,"party_unity_not_voting":null,"with_own_party_unity":null,"against_own_party_unity":null,"party_unity_rate":null,"party_opposition_rate":null,"party_unity_participation_rate":null},"geometry":null},{"type":"Feature","properties":{"statedistrict":"CA15","state":"CA","district":15,"bioguide_id":"M001225","official_name":"Kevin Mullin","party":"D","party_unity_opportunities":414.0,"party_unity_votes_cast":393.0,"party_unity_not_voting":21.0,"with_own_party_unity":388.0,"against_own_party_unity":5.0,"party_unity_rate":0.9872773536895676,"party_opposition_rate":0.0127226463104325,"party_unity_participation_rate":0.9492753623188406},"geometry":null},{"type":"Feature","properties":{"statedistrict":"FL21","state":"FL","district":21,"bioguide_id":"M001199","official_name":"Brian J. Mast","party":"R","party_unity_opportunities":414.0,"party_unity_votes_cast":406.0,"party_unity_not_voting":8.0,"with_own_party_unity":406.0,"against_own_party_unity":0.0,"party_unity_rate":1.0,"party_opposition_rate":0.0,"party_unity_participation_rate":0.9806763285024156},"geometry":null},{"type":"Feature","properties":{"statedistrict":"MO06","state":"MO","district":6,"bioguide_id":"G000546","official_name":"Sam Graves","party":"R","party_unity_opportunities":414.0,"party_unity_votes_cast":396.0,"party_unity_not_voting":18.0,"with_own_party_unity":396.0,"against_own_party_unity":0.0,"party_unity_rate":1.0,"party_opposition_rate":0.0,"party_unity_participation_rate":0.9565217391304348},"geometry":null},{"type":"Feature","properties":{"statedistrict":"NJ07","state":"NJ","district":7,"bioguide_id":"K000398","official_name":"Thomas H. Kean, Jr.","party":"R","party_unity_opportunities":414.0,"party_unity_votes_cast":320.0,"party_unity_not_voting":94.0,"with_own_party_unity":314.0,"against_own_party_unity":6.0,"party_unity_rate":0.98125,"party_opposition_rate":0.01875,"party_unity_participation_rate":0.7729468599033816},"geometry":null},{"type":"Feature","properties":{"statedistrict":"KS03","state":"KS","district":3,"bioguide_id":"D000629","official_name":"Sharice Davids","party":"D","party_unity_opportunities":414.0,"party_unity_votes_cast":410.0,"party_unity_not_voting":3.0,"with_own_party_unity":378.0,"against_own_party_unity":32.0,"party_unity_rate":0.9219512195121952,"party_opposition_rate":0.0780487804878048,"party_unity_participation_rate":0.9903381642512076},"geometry":null},{"type":"Feature","properties":{"statedistrict":"TX07","state":"TX","district":7,"bioguide_id":"F000468","official_name":"Lizzie Fletcher","party":"D","party_unity_opportunities":414.0,"party_unity_votes_cast":414.0,"party_unity_not_voting":0.0,"with_own_party_unity":407.0,"against_own_party_unity":7.0,"party_unity_rate":0.9830917874396136,"party_opposition_rate":0.0169082125603864,"party_unity_participation_rate":1.0},"geometry":null},{"type":"Feature","properties":{"statedistrict":"NY16","state":"NY","district":16,"bioguide_id":"L000606","official_name":"George Latimer","party":"D","party_unity_opportunities":414.0,"party_unity_votes_cast":401.0,"party_unity_not_voting":11.0,"with_own_party_unity":388.0,"against_own_party_unity":13.0,"party_unity_rate":0.9675810473815462,"party_opposition_rate":0.0324189526184538,"party_unity_participation_rate":0.9685990338164252},"geometry":null},{"type":"Feature","properties":{"statedistrict":"OH14","state":"OH","district":14,"bioguide_id":"J000295","official_name":"David P. Joyce","party":"R","party_unity_opportunities":414.0,"party_unity_votes_cast":405.0,"party_unity_not_voting":9.0,"with_own_party_unity":394.0,"against_own_party_unity":11.0,"party_unity_rate":0.9728395061728397,"party_opposition_rate":0.0271604938271604,"party_unity_participation_rate":0.9782608695652174},"geometry":null},{"type":"Feature","properties":{"statedistrict":"SC04","state":"SC","district":4,"bioguide_id":"T000480","official_name":"William R. Timmons IV","party":"R","party_unity_opportunities":414.0,"party_unity_votes_cast":409.0,"party_unity_not_voting":5.0,"with_own_party_unity":407.0,"against_own_party_unity":2.0,"party_unity_rate":0.9951100244498776,"party_opposition_rate":0.0048899755501222,"party_unity_participation_rate":0.9879227053140096},"geometry":null},{"type":"Feature","properties":{"statedistrict":"CA39","state":"CA","district":39,"bioguide_id":"T000472","official_name":"Mark Takano","party":"D","party_unity_opportunities":414.0,"party_unity_votes_cast":412.0,"party_unity_not_voting":2.0,"with_own_party_unity":412.0,"against_own_party_unity":0.0,"party_unity_rate":1.0,"party_opposition_rate":0.0,"party_unity_participation_rate":0.9951690821256038},"geometry":null},{"type":"Feature","properties":{"statedistrict":"NC13","state":"NC","district":13,"bioguide_id":"K000405","official_name":"Brad Knott","party":"R","party_unity_opportunities":414.0,"party_unity_votes_cast":412.0,"party_unity_not_voting":2.0,"with_own_party_unity":409.0,"against_own_party_unity":3.0,"party_unity_rate":0.9927184466019418,"party_opposition_rate":0.0072815533980582,"party_unity_participation_rate":0.9951690821256038},"geometry":null},{"type":"Feature","properties":{"statedistrict":"NY22","state":"NY","district":22,"bioguide_id":"M001231","official_name":"John W. Mannion","party":"D","party_unity_opportunities":414.0,"party_unity_votes_cast":414.0,"party_unity_not_voting":0.0,"with_own_party_unity":384.0,"against_own_party_unity":30.0,"party_unity_rate":0.927536231884058,"party_opposition_rate":0.072463768115942,"party_unity_participation_rate":1.0},"geometry":null},{"type":"Feature","properties":{"statedistrict":"CT03","state":"CT","district":3,"bioguide_id":"D000216","official_name":"Rosa L. DeLauro","party":"D","party_unity_opportunities":414.0,"party_unity_votes_cast":410.0,"party_unity_not_voting":3.0,"with_own_party_unity":405.0,"against_own_party_unity":5.0,"party_unity_rate":0.9878048780487804,"party_opposition_rate":0.0121951219512195,"party_unity_participation_rate":0.9903381642512076},"geometry":null},{"type":"Feature","properties":{"statedistrict":"NY14","state":"NY","district":14,"bioguide_id":"O000172","official_name":"Alexandria Ocasio-Cortez","party":"D","party_unity_opportunities":414.0,"party_unity_votes_cast":403.0,"party_unity_not_voting":11.0,"with_own_party_unity":403.0,"against_own_party_unity":0.0,"party_unity_rate":1.0,"party_opposition_rate":0.0,"party_unity_participation_rate":0.9734299516908212},"geometry":null},{"type":"Feature","properties":{"statedistrict":"TX27","state":"TX","district":27,"bioguide_id":"C001115","official_name":"Michael Cloud","party":"R","party_unity_opportunities":414.0,"party_unity_votes_cast":411.0,"party_unity_not_voting":3.0,"with_own_party_unity":404.0,"against_own_party_unity":7.0,"party_unity_rate":0.9829683698296836,"party_opposition_rate":0.0170316301703163,"party_unity_participation_rate":0.9927536231884058},"geometry":null},{"type":"Feature","properties":{"statedistrict":"CA31","state":"CA","district":31,"bioguide_id":"C001123","official_name":"Gilbert Ray Cisneros, Jr.","party":"D","party_unity_opportunities":414.0,"party_unity_votes_cast":413.0,"party_unity_not_voting":1.0,"with_own_party_unity":403.0,"against_own_party_unity":10.0,"party_unity_rate":0.9757869249394672,"party_opposition_rate":0.0242130750605326,"party_unity_participation_rate":0.997584541062802},"geometry":null},{"type":"Feature","properties":{"statedistrict":"OH15","state":"OH","district":15,"bioguide_id":"C001126","official_name":"Mike Carey","party":"R","party_unity_opportunities":414.0,"party_unity_votes_cast":407.0,"party_unity_not_voting":7.0,"with_own_party_unity":403.0,"against_own_party_unity":4.0,"party_unity_rate":0.9901719901719902,"party_opposition_rate":0.0098280098280098,"party_unity_participation_rate":0.9830917874396136},"geometry":null},{"type":"Feature","properties":{"statedistrict":"MD02","state":"MD","district":2,"bioguide_id":"O000176","official_name":"Johnny Olszewski, Jr.","party":"D","party_unity_opportunities":414.0,"party_unity_votes_cast":411.0,"party_unity_not_voting":1.0,"with_own_party_unity":406.0,"against_own_party_unity":5.0,"party_unity_rate":0.9878345498783456,"party_opposition_rate":0.0121654501216545,"party_unity_participation_rate":0.9927536231884058},"geometry":null},{"type":"Feature","properties":{"statedistrict":"ID01","state":"ID","district":1,"bioguide_id":"F000469","official_name":"Russ Fulcher","party":"R","party_unity_opportunities":414.0,"party_unity_votes_cast":408.0,"party_unity_not_voting":6.0,"with_own_party_unity":404.0,"against_own_party_unity":4.0,"party_unity_rate":0.9901960784313726,"party_opposition_rate":0.0098039215686274,"party_unity_participation_rate":0.9855072463768116},"geometry":null},{"type":"Feature","properties":{"statedistrict":"CA10","state":"CA","district":10,"bioguide_id":"D000623","official_name":"Mark DeSaulnier","party":"D","party_unity_opportunities":414.0,"party_unity_votes_cast":407.0,"party_unity_not_voting":7.0,"with_own_party_unity":406.0,"against_own_party_unity":1.0,"party_unity_rate":0.9975429975429976,"party_opposition_rate":0.0024570024570024,"party_unity_participation_rate":0.9830917874396136},"geometry":null},{"type":"Feature","properties":{"statedistrict":"FL18","state":"FL","district":18,"bioguide_id":"F000472","official_name":"Scott Franklin","party":"R","party_unity_opportunities":414.0,"party_unity_votes_cast":412.0,"party_unity_not_voting":2.0,"with_own_party_unity":412.0,"against_own_party_unity":0.0,"party_unity_rate":1.0,"party_opposition_rate":0.0,"party_unity_participation_rate":0.9951690821256038},"geometry":null},{"type":"Feature","properties":{"statedistrict":"HI02","state":"HI","district":2,"bioguide_id":"T000487","official_name":"Jill N. Tokuda","party":"D","party_unity_opportunities":414.0,"party_unity_votes_cast":414.0,"party_unity_not_voting":0.0,"with_own_party_unity":413.0,"against_own_party_unity":1.0,"party_unity_rate":0.997584541062802,"party_opposition_rate":0.002415458937198,"party_unity_participation_rate":1.0},"geometry":null},{"type":"Feature","properties":{"statedistrict":"MO01","state":"MO","district":1,"bioguide_id":"B001324","official_name":"Wesley Bell","party":"D","party_unity_opportunities":414.0,"party_unity_votes_cast":403.0,"party_unity_not_voting":9.0,"with_own_party_unity":394.0,"against_own_party_unity":9.0,"party_unity_rate":0.977667493796526,"party_opposition_rate":0.0223325062034739,"party_unity_participation_rate":0.9734299516908212},"geometry":null},{"type":"Feature","properties":{"statedistrict":"PA13","state":"PA","district":13,"bioguide_id":"J000302","official_name":"John Joyce","party":"R","party_unity_opportunities":414.0,"party_unity_votes_cast":413.0,"party_unity_not_voting":1.0,"with_own_party_unity":413.0,"against_own_party_unity":0.0,"party_unity_rate":1.0,"party_opposition_rate":0.0,"party_unity_participation_rate":0.997584541062802},"geometry":null},{"type":"Feature","properties":{"statedistrict":"TX28","state":"TX","district":28,"bioguide_id":"C001063","official_name":"Henry Cuellar","party":"D","party_unity_opportunities":414.0,"party_unity_votes_cast":409.0,"party_unity_not_voting":5.0,"with_own_party_unity":267.0,"against_own_party_unity":142.0,"party_unity_rate":0.6528117359413202,"party_opposition_rate":0.3471882640586797,"party_unity_participation_rate":0.9879227053140096},"geometry":null},{"type":"Feature","properties":{"statedistrict":"IL01","state":"IL","district":1,"bioguide_id":"J000309","official_name":"Jonathan L. Jackson","party":"D","party_unity_opportunities":414.0,"party_unity_votes_cast":389.0,"party_unity_not_voting":25.0,"with_own_party_unity":380.0,"against_own_party_unity":9.0,"party_unity_rate":0.9768637532133676,"party_opposition_rate":0.0231362467866323,"party_unity_participation_rate":0.9396135265700484},"geometry":null},{"type":"Feature","properties":{"statedistrict":"NC10","state":"NC","district":10,"bioguide_id":"H001101","official_name":"Pat Harrigan","party":"R","party_unity_opportunities":414.0,"party_unity_votes_cast":406.0,"party_unity_not_voting":8.0,"with_own_party_unity":404.0,"against_own_party_unity":2.0,"party_unity_rate":0.9950738916256158,"party_opposition_rate":0.0049261083743842,"party_unity_participation_rate":0.9806763285024156},"geometry":null},{"type":"Feature","properties":{"statedistrict":"TX11","state":"TX","district":11,"bioguide_id":"P000048","official_name":"August Pfluger","party":"R","party_unity_opportunities":414.0,"party_unity_votes_cast":412.0,"party_unity_not_voting":2.0,"with_own_party_unity":412.0,"against_own_party_unity":0.0,"party_unity_rate":1.0,"party_opposition_rate":0.0,"party_unity_participation_rate":0.9951690821256038},"geometry":null},{"type":"Feature","properties":{"statedistrict":"TX18","state":"TX","district":18,"bioguide_id":"M001245","official_name":"Christian D. Menefee","party":"D","party_unity_opportunities":160.0,"party_unity_votes_cast":152.0,"party_unity_not_voting":8.0,"with_own_party_unity":152.0,"against_own_party_unity":0.0,"party_unity_rate":1.0,"party_opposition_rate":0.0,"party_unity_participation_rate":0.95},"geometry":null},{"type":"Feature","properties":{"statedistrict":"IN08","state":"IN","district":8,"bioguide_id":"M001233","official_name":"Mark B. Messmer","party":"R","party_unity_opportunities":414.0,"party_unity_votes_cast":409.0,"party_unity_not_voting":5.0,"with_own_party_unity":409.0,"against_own_party_unity":0.0,"party_unity_rate":1.0,"party_opposition_rate":0.0,"party_unity_participation_rate":0.9879227053140096},"geometry":null},{"type":"Feature","properties":{"statedistrict":"OH01","state":"OH","district":1,"bioguide_id":"L000601","official_name":"Greg Landsman","party":"D","party_unity_opportunities":414.0,"party_unity_votes_cast":412.0,"party_unity_not_voting":1.0,"with_own_party_unity":364.0,"against_own_party_unity":48.0,"party_unity_rate":0.883495145631068,"party_opposition_rate":0.116504854368932,"party_unity_participation_rate":0.9951690821256038},"geometry":null},{"type":"Feature","properties":{"statedistrict":"SC02","state":"SC","district":2,"bioguide_id":"W000795","official_name":"Joe Wilson","party":"R","party_unity_opportunities":414.0,"party_unity_votes_cast":395.0,"party_unity_not_voting":19.0,"with_own_party_unity":392.0,"against_own_party_unity":3.0,"party_unity_rate":0.9924050632911392,"party_opposition_rate":0.0075949367088607,"party_unity_participation_rate":0.9541062801932368},"geometry":null},{"type":"Feature","properties":{"statedistrict":"GA05","state":"GA","district":5,"bioguide_id":"W000788","official_name":"Nikema Williams","party":"D","party_unity_opportunities":414.0,"party_unity_votes_cast":394.0,"party_unity_not_voting":20.0,"with_own_party_unity":392.0,"against_own_party_unity":2.0,"party_unity_rate":0.9949238578680204,"party_opposition_rate":0.0050761421319796,"party_unity_participation_rate":0.9516908212560388},"geometry":null},{"type":"Feature","properties":{"statedistrict":"CA21","state":"CA","district":21,"bioguide_id":"C001059","official_name":"Jim Costa","party":"D","party_unity_opportunities":414.0,"party_unity_votes_cast":401.0,"party_unity_not_voting":11.0,"with_own_party_unity":343.0,"against_own_party_unity":58.0,"party_unity_rate":0.8553615960099751,"party_opposition_rate":0.1446384039900249,"party_unity_participation_rate":0.9685990338164252},"geometry":null},{"type":"Feature","properties":{"statedistrict":"FL02","state":"FL","district":2,"bioguide_id":"D000628","official_name":"Neal P. Dunn","party":"R","party_unity_opportunities":414.0,"party_unity_votes_cast":348.0,"party_unity_not_voting":66.0,"with_own_party_unity":348.0,"against_own_party_unity":0.0,"party_unity_rate":1.0,"party_opposition_rate":0.0,"party_unity_participation_rate":0.8405797101449275},"geometry":null},{"type":"Feature","properties":{"statedistrict":"MS03","state":"MS","district":3,"bioguide_id":"G000591","official_name":"Michael Guest","party":"R","party_unity_opportunities":414.0,"party_unity_votes_cast":407.0,"party_unity_not_voting":7.0,"with_own_party_unity":407.0,"against_own_party_unity":0.0,"party_unity_rate":1.0,"party_opposition_rate":0.0,"party_unity_participation_rate":0.9830917874396136},"geometry":null},{"type":"Feature","properties":{"statedistrict":"PA01","state":"PA","district":1,"bioguide_id":"F000466","official_name":"Brian K. Fitzpatrick","party":"R","party_unity_opportunities":414.0,"party_unity_votes_cast":408.0,"party_unity_not_voting":6.0,"with_own_party_unity":338.0,"against_own_party_unity":70.0,"party_unity_rate":0.8284313725490197,"party_opposition_rate":0.1715686274509804,"party_unity_participation_rate":0.9855072463768116},"geometry":null},{"type":"Feature","properties":{"statedistrict":"KS01","state":"KS","district":1,"bioguide_id":"M000871","official_name":"Tracey Mann","party":"R","party_unity_opportunities":414.0,"party_unity_votes_cast":414.0,"party_unity_not_voting":0.0,"with_own_party_unity":414.0,"against_own_party_unity":0.0,"party_unity_rate":1.0,"party_opposition_rate":0.0,"party_unity_participation_rate":1.0},"geometry":null},{"type":"Feature","properties":{"statedistrict":"TX10","state":"TX","district":10,"bioguide_id":"M001157","official_name":"Michael T. McCaul","party":"R","party_unity_opportunities":414.0,"party_unity_votes_cast":377.0,"party_unity_not_voting":37.0,"with_own_party_unity":372.0,"against_own_party_unity":5.0,"party_unity_rate":0.986737400530504,"party_opposition_rate":0.013262599469496,"party_unity_participation_rate":0.9106280193236715},"geometry":null},{"type":"Feature","properties":{"statedistrict":"NY19","state":"NY","district":19,"bioguide_id":"R000622","official_name":"Josh Riley","party":"D","party_unity_opportunities":414.0,"party_unity_votes_cast":408.0,"party_unity_not_voting":6.0,"with_own_party_unity":358.0,"against_own_party_unity":50.0,"party_unity_rate":0.8774509803921569,"party_opposition_rate":0.1225490196078431,"party_unity_participation_rate":0.9855072463768116},"geometry":null},{"type":"Feature","properties":{"statedistrict":"MA07","state":"MA","district":7,"bioguide_id":"P000617","official_name":"Ayanna Pressley","party":"D","party_unity_opportunities":414.0,"party_unity_votes_cast":404.0,"party_unity_not_voting":10.0,"with_own_party_unity":404.0,"against_own_party_unity":0.0,"party_unity_rate":1.0,"party_opposition_rate":0.0,"party_unity_participation_rate":0.9758454106280192},"geometry":null},{"type":"Feature","properties":{"statedistrict":"SC03","state":"SC","district":3,"bioguide_id":"B001325","official_name":"Sheri Biggs","party":"R","party_unity_opportunities":414.0,"party_unity_votes_cast":414.0,"party_unity_not_voting":0.0,"with_own_party_unity":413.0,"against_own_party_unity":1.0,"party_unity_rate":0.997584541062802,"party_opposition_rate":0.002415458937198,"party_unity_participation_rate":1.0},"geometry":null},{"type":"Feature","properties":{"statedistrict":"WA06","state":"WA","district":6,"bioguide_id":"R000621","official_name":"Emily Randall","party":"D","party_unity_opportunities":414.0,"party_unity_votes_cast":403.0,"party_unity_not_voting":11.0,"with_own_party_unity":403.0,"against_own_party_unity":0.0,"party_unity_rate":1.0,"party_opposition_rate":0.0,"party_unity_participation_rate":0.9734299516908212},"geometry":null},{"type":"Feature","properties":{"statedistrict":"TX37","state":"TX","district":37,"bioguide_id":"D000399","official_name":"Lloyd Doggett","party":"D","party_unity_opportunities":414.0,"party_unity_votes_cast":405.0,"party_unity_not_voting":9.0,"with_own_party_unity":404.0,"against_own_party_unity":1.0,"party_unity_rate":0.9975308641975308,"party_opposition_rate":0.0024691358024691,"party_unity_participation_rate":0.9782608695652174},"geometry":null},{"type":"Feature","properties":{"statedistrict":"TX34","state":"TX","district":34,"bioguide_id":"G000581","official_name":"Vicente Gonzalez","party":"D","party_unity_opportunities":414.0,"party_unity_votes_cast":402.0,"party_unity_not_voting":10.0,"with_own_party_unity":299.0,"against_own_party_unity":103.0,"party_unity_rate":0.7437810945273632,"party_opposition_rate":0.2562189054726368,"party_unity_participation_rate":0.9710144927536232},"geometry":null},{"type":"Feature","properties":{"statedistrict":"KS02","state":"KS","district":2,"bioguide_id":"S001228","official_name":"Derek Schmidt","party":"R","party_unity_opportunities":414.0,"party_unity_votes_cast":410.0,"party_unity_not_voting":4.0,"with_own_party_unity":408.0,"against_own_party_unity":2.0,"party_unity_rate":0.9951219512195122,"party_opposition_rate":0.0048780487804878,"party_unity_participation_rate":0.9903381642512076},"geometry":null},{"type":"Feature","properties":{"statedistrict":"CA28","state":"CA","district":28,"bioguide_id":"C001080","official_name":"Judy Chu","party":"D","party_unity_opportunities":414.0,"party_unity_votes_cast":413.0,"party_unity_not_voting":1.0,"with_own_party_unity":411.0,"against_own_party_unity":2.0,"party_unity_rate":0.9951573849878934,"party_opposition_rate":0.0048426150121065,"party_unity_participation_rate":0.997584541062802},"geometry":null},{"type":"Feature","properties":{"statedistrict":"IN04","state":"IN","district":4,"bioguide_id":"B001307","official_name":"James R. Baird","party":"R","party_unity_opportunities":414.0,"party_unity_votes_cast":393.0,"party_unity_not_voting":21.0,"with_own_party_unity":393.0,"against_own_party_unity":0.0,"party_unity_rate":1.0,"party_opposition_rate":0.0,"party_unity_participation_rate":0.9492753623188406},"geometry":null},{"type":"Feature","properties":{"statedistrict":"MA04","state":"MA","district":4,"bioguide_id":"A000148","official_name":"Jake Auchincloss","party":"D","party_unity_opportunities":414.0,"party_unity_votes_cast":395.0,"party_unity_not_voting":19.0,"with_own_party_unity":376.0,"against_own_party_unity":19.0,"party_unity_rate":0.9518987341772152,"party_opposition_rate":0.0481012658227848,"party_unity_participation_rate":0.9541062801932368},"geometry":null},{"type":"Feature","properties":{"statedistrict":"WA02","state":"WA","district":2,"bioguide_id":"L000560","official_name":"Rick Larsen","party":"D","party_unity_opportunities":414.0,"party_unity_votes_cast":405.0,"party_unity_not_voting":9.0,"with_own_party_unity":395.0,"against_own_party_unity":10.0,"party_unity_rate":0.9753086419753086,"party_opposition_rate":0.0246913580246913,"party_unity_participation_rate":0.9782608695652174},"geometry":null},{"type":"Feature","properties":{"statedistrict":"AZ03","state":"AZ","district":3,"bioguide_id":"A000381","official_name":"Yassamin Ansari","party":"D","party_unity_opportunities":414.0,"party_unity_votes_cast":409.0,"party_unity_not_voting":5.0,"with_own_party_unity":406.0,"against_own_party_unity":3.0,"party_unity_rate":0.9926650366748166,"party_opposition_rate":0.0073349633251833,"party_unity_participation_rate":0.9879227053140096},"geometry":null},{"type":"Feature","properties":{"statedistrict":"MO05","state":"MO","district":5,"bioguide_id":"C001061","official_name":"Emanuel Cleaver","party":"D","party_unity_opportunities":414.0,"party_unity_votes_cast":393.0,"party_unity_not_voting":21.0,"with_own_party_unity":390.0,"against_own_party_unity":3.0,"party_unity_rate":0.9923664122137404,"party_opposition_rate":0.0076335877862595,"party_unity_participation_rate":0.9492753623188406},"geometry":null},{"type":"Feature","properties":{"statedistrict":"LA06","state":"LA","district":6,"bioguide_id":"F000110","official_name":"Cleo Fields","party":"D","party_unity_opportunities":414.0,"party_unity_votes_cast":399.0,"party_unity_not_voting":14.0,"with_own_party_unity":392.0,"against_own_party_unity":7.0,"party_unity_rate":0.9824561403508772,"party_opposition_rate":0.0175438596491228,"party_unity_participation_rate":0.9637681159420288},"geometry":null},{"type":"Feature","properties":{"statedistrict":"CA12","state":"CA","district":12,"bioguide_id":"S001231","official_name":"Lateefah Simon","party":"D","party_unity_opportunities":414.0,"party_unity_votes_cast":407.0,"party_unity_not_voting":7.0,"with_own_party_unity":405.0,"against_own_party_unity":2.0,"party_unity_rate":0.995085995085995,"party_opposition_rate":0.0049140049140049,"party_unity_participation_rate":0.9830917874396136},"geometry":null},{"type":"Feature","properties":{"statedistrict":"KY06","state":"KY","district":6,"bioguide_id":"B001282","official_name":"Andy Barr","party":"R","party_unity_opportunities":414.0,"party_unity_votes_cast":398.0,"party_unity_not_voting":16.0,"with_own_party_unity":397.0,"against_own_party_unity":1.0,"party_unity_rate":0.9974874371859296,"party_opposition_rate":0.0025125628140703,"party_unity_participation_rate":0.961352657004831},"geometry":null},{"type":"Feature","properties":{"statedistrict":"IL07","state":"IL","district":7,"bioguide_id":"D000096","official_name":"Danny K. Davis","party":"D","party_unity_opportunities":414.0,"party_unity_votes_cast":411.0,"party_unity_not_voting":3.0,"with_own_party_unity":410.0,"against_own_party_unity":1.0,"party_unity_rate":0.9975669099756692,"party_opposition_rate":0.0024330900243309,"party_unity_participation_rate":0.9927536231884058},"geometry":null},{"type":"Feature","properties":{"statedistrict":"RI01","state":"RI","district":1,"bioguide_id":"A000380","official_name":"Gabe Amo","party":"D","party_unity_opportunities":414.0,"party_unity_votes_cast":414.0,"party_unity_not_voting":0.0,"with_own_party_unity":408.0,"against_own_party_unity":6.0,"party_unity_rate":0.9855072463768116,"party_opposition_rate":0.0144927536231884,"party_unity_participation_rate":1.0},"geometry":null},{"type":"Feature","properties":{"statedistrict":"CA36","state":"CA","district":36,"bioguide_id":"L000582","official_name":"Ted Lieu","party":"D","party_unity_opportunities":414.0,"party_unity_votes_cast":400.0,"party_unity_not_voting":12.0,"with_own_party_unity":392.0,"against_own_party_unity":8.0,"party_unity_rate":0.98,"party_opposition_rate":0.02,"party_unity_participation_rate":0.966183574879227},"geometry":null},{"type":"Feature","properties":{"statedistrict":"TX36","state":"TX","district":36,"bioguide_id":"B001291","official_name":"Brian Babin","party":"R","party_unity_opportunities":414.0,"party_unity_votes_cast":406.0,"party_unity_not_voting":8.0,"with_own_party_unity":404.0,"against_own_party_unity":2.0,"party_unity_rate":0.9950738916256158,"party_opposition_rate":0.0049261083743842,"party_unity_participation_rate":0.9806763285024156},"geometry":null},{"type":"Feature","properties":{"statedistrict":"NY21","state":"NY","district":21,"bioguide_id":"S001196","official_name":"Elise M. Stefanik","party":"R","party_unity_opportunities":414.0,"party_unity_votes_cast":353.0,"party_unity_not_voting":61.0,"with_own_party_unity":353.0,"against_own_party_unity":0.0,"party_unity_rate":1.0,"party_opposition_rate":0.0,"party_unity_participation_rate":0.8526570048309179},"geometry":null},{"type":"Feature","properties":{"statedistrict":"CA24","state":"CA","district":24,"bioguide_id":"C001112","official_name":"Salud O. Carbajal","party":"D","party_unity_opportunities":414.0,"party_unity_votes_cast":413.0,"party_unity_not_voting":1.0,"with_own_party_unity":398.0,"against_own_party_unity":15.0,"party_unity_rate":0.9636803874092008,"party_opposition_rate":0.036319612590799,"party_unity_participation_rate":0.997584541062802},"geometry":null},{"type":"Feature","properties":{"statedistrict":"GA03","state":"GA","district":3,"bioguide_id":"J000311","official_name":"Brian Jack","party":"R","party_unity_opportunities":414.0,"party_unity_votes_cast":414.0,"party_unity_not_voting":0.0,"with_own_party_unity":413.0,"against_own_party_unity":1.0,"party_unity_rate":0.997584541062802,"party_opposition_rate":0.002415458937198,"party_unity_participation_rate":1.0},"geometry":null},{"type":"Feature","properties":{"statedistrict":"UT03","state":"UT","district":3,"bioguide_id":"K000403","official_name":"Mike Kennedy","party":"R","party_unity_opportunities":414.0,"party_unity_votes_cast":410.0,"party_unity_not_voting":4.0,"with_own_party_unity":406.0,"against_own_party_unity":4.0,"party_unity_rate":0.9902439024390244,"party_opposition_rate":0.0097560975609756,"party_unity_participation_rate":0.9903381642512076},"geometry":null},{"type":"Feature","properties":{"statedistrict":"MA05","state":"MA","district":5,"bioguide_id":"C001101","official_name":"Katherine M. Clark","party":"D","party_unity_opportunities":414.0,"party_unity_votes_cast":412.0,"party_unity_not_voting":0.0,"with_own_party_unity":408.0,"against_own_party_unity":4.0,"party_unity_rate":0.9902912621359224,"party_opposition_rate":0.0097087378640776,"party_unity_participation_rate":0.9951690821256038},"geometry":null},{"type":"Feature","properties":{"statedistrict":"TN04","state":"TN","district":4,"bioguide_id":"D000616","official_name":"Scott DesJarlais","party":"R","party_unity_opportunities":414.0,"party_unity_votes_cast":401.0,"party_unity_not_voting":13.0,"with_own_party_unity":400.0,"against_own_party_unity":1.0,"party_unity_rate":0.9975062344139652,"party_opposition_rate":0.0024937655860349,"party_unity_participation_rate":0.9685990338164252},"geometry":null},{"type":"Feature","properties":{"statedistrict":"FL04","state":"FL","district":4,"bioguide_id":"B001314","official_name":"Aaron Bean","party":"R","party_unity_opportunities":414.0,"party_unity_votes_cast":414.0,"party_unity_not_voting":0.0,"with_own_party_unity":411.0,"against_own_party_unity":3.0,"party_unity_rate":0.9927536231884058,"party_opposition_rate":0.0072463768115942,"party_unity_participation_rate":1.0},"geometry":null},{"type":"Feature","properties":{"statedistrict":"OR05","state":"OR","district":5,"bioguide_id":"B001326","official_name":"Janelle S. Bynum","party":"D","party_unity_opportunities":414.0,"party_unity_votes_cast":410.0,"party_unity_not_voting":1.0,"with_own_party_unity":388.0,"against_own_party_unity":22.0,"party_unity_rate":0.946341463414634,"party_opposition_rate":0.0536585365853658,"party_unity_participation_rate":0.9903381642512076},"geometry":null}]}